edu.rice.cs.drjava.ui.DefinitionsPaneTest.Runnable_12,0,0.0,1
edu.rice.cs.drjava.config.Configuration.Runnable,0,0.0,1
edu.rice.cs.drjava.ui.InteractionsPaneTest.Runnable_6,0,0.0,1
edu.rice.cs.drjava.model.debug.jpda.JPDADebugger.Runnable_11,0,0.0,1
edu.rice.cs.util.swing.SwingWorker.Runnable_0.Runnable_1,0,0.0,1
edu.rice.cs.drjava.ui.DefinitionsPaneTest.Runnable_9,0,0.0,1
edu.rice.cs.drjava.model.debug.jpda.JPDADebugger.DebugModelCallback,0,0.0,1
edu.rice.cs.util.text.ConsoleDocument.Runnable,0,0.0,1
edu.rice.cs.drjava.ui.MainFrame.AbstractAction_59.Runnable_60,0,0.0,1
edu.rice.cs.plt.reflect.ReflectUtilTest.Runnable,0,0.0,1
edu.rice.cs.drjava.ui.FindResultsPanel.AbstractAction_2,0,0.0,1
edu.rice.cs.drjava.model.repl.DefaultInteractionsModel.Runnable,0,0.0,1
edu.rice.cs.drjava.ui.DefinitionsPaneTest.Runnable_32,0,0.0,1
edu.rice.cs.drjava.ui.InteractionsController.Runnable,0,0.0,1
edu.rice.cs.drjava.ui.JarOptionsDialog.DocumentListener.Runnable,0,0.0,1
edu.rice.cs.drjava.model.debug.jpda.JPDADebugger.Runnable_2,0,0.0,1
edu.rice.cs.drjava.model.debug.jpda.JPDADebugger.Runnable_1,0,0.0,1
edu.rice.cs.drjava.model.debug.jpda.JPDADebugger.Runnable_0,0,0.0,1
edu.rice.cs.drjava.model.debug.jpda.JPDADebugger.Runnable_7,0,0.0,1
edu.rice.cs.drjava.ui.DefinitionsPaneTest.Runnable_28,0,0.0,1
edu.rice.cs.drjava.ui.DefinitionsPaneTest.Runnable_29,0,0.0,1
edu.rice.cs.drjava.ui.InteractionsController.InputListener.Runnable_0.Runnable_2,0,0.0,1
edu.rice.cs.drjava.model.repl.DefaultInteractionsModel.Runnable_8,0,0.0,1
edu.rice.cs.drjava.model.repl.DefaultInteractionsModel.Runnable_2,0,0.0,1
edu.rice.cs.drjava.model.repl.DefaultInteractionsModel.Runnable_1,0,0.0,1
edu.rice.cs.drjava.model.repl.DefaultInteractionsModel.Runnable_7,0,0.0,1
edu.rice.cs.drjava.model.repl.DefaultInteractionsModel.Runnable_6,0,0.0,1
edu.rice.cs.drjava.ui.MainFrame.ModelListener.Runnable_179,0,0.0,1
edu.rice.cs.util.swing.Utilities.Runnable_0,0,0.0,1
edu.rice.cs.util.swing.Utilities.Runnable_1,0,0.0,1
edu.rice.cs.drjava.ui.MainFrameTest.Runnable_10,0,0.0,1
edu.rice.cs.drjava.ui.InteractionsPaneTest.Runnable_9,0,0.0,1
edu.rice.cs.drjava.ui.InteractionsPaneTest.Runnable_7,0,0.0,1
edu.rice.cs.drjava.ui.InteractionsPaneTest.Runnable_5,0,0.0,1
edu.rice.cs.drjava.ui.DefinitionsPaneTest.Runnable_13,0,0.0,1
edu.rice.cs.drjava.ui.BookmarksPanel.AbstractAction_2,0,0.0,1
edu.rice.cs.util.OperationCanceledException,0,2.0,0.107485844034
edu.rice.cs.dynamicjava.interpreter.ExpressionChecker.Lambda,0,2.0,0.100807853526
edu.rice.cs.util.docnavigation.JListNavigator.ListSelectionListener.Runnable.NodeData,0,2.0,0.0931719851578
edu.rice.cs.dynamicjava.symbol.Java5Class.Predicate,0,2.0,0.093005893313
edu.rice.cs.plt.collect.KeyDrivenEntrySet.Lambda,0,2.0,0.0887311840514
edu.rice.cs.plt.recur.ContinuationTest.PendingContinuation,0,2.0,0.0860145462309
edu.rice.cs.drjava.config.OptionListener,0,3.0,0.0858518933804
edu.rice.cs.plt.lambda.Predicate,1,3.0,0.0825034417456
edu.rice.cs.plt.concurrent.ConcurrentUtilTest.Runnable,0,2.0,0.0807013116811
edu.rice.cs.dynamicjava.symbol.JavaClass.Lambda,0,2.0,0.0802346490135
edu.rice.cs.dynamicjava.symbol.SymbolUtil.Lambda,0,2.0,0.0802346490135
edu.rice.cs.plt.lambda.Thunk,0,3.0,0.0774801791622
edu.rice.cs.plt.debug.TextLog.Lambda,0,2.0,0.0725842790288
edu.rice.cs.plt.lambda.WrappedException,0,3.0,0.0691405758175
edu.rice.cs.drjava.model.GlobalModelOtherTest.UndoableEditListener,0,2.0,0.0647822543404
edu.rice.cs.plt.recur.BinaryArgContinuation.Lambda,0,2.0,0.064020324023
edu.rice.cs.plt.recur.ArgContinuation.Lambda,0,2.0,0.064020324023
edu.rice.cs.drjava.model.debug.Breakpoint,0,4.0,0.0636525277219
edu.rice.cs.drjava.ui.config.ConfigFrame.ActionListener_5,0,2.0,0.0605519135545
edu.rice.cs.drjava.ui.config.ConfigFrame.ActionListener_3,0,2.0,0.0605519135545
edu.rice.cs.plt.io.IOUtil.FileFilter,1,2.0,0.0599213839231
edu.rice.cs.dynamicjava.symbol.ExtendedTypeSystem.MultiVarargInferenceChecker.Lambda,0,2.0,0.0597873078874
edu.rice.cs.dynamicjava.symbol.ExtendedTypeSystem.Lambda,0,2.0,0.0555478494899
edu.rice.cs.drjava.ui.MainFrameTest.Runnable_23.FileOpenSelector_24,0,2.0,0.0529572876942
edu.rice.cs.drjava.DrJavaRoot.OutputStreamRedirector,0,2.0,0.0509572859502
edu.rice.cs.drjava.DrJavaRoot.OutputStreamRedirector_0,0,2.0,0.0509572859502
edu.rice.cs.plt.lambda.LambdaUtil.InstanceOfPredicate,1,4.0,0.05076460518
edu.rice.cs.util.StringOpsTest.TestGetSimpleNameInner.Nested.java.awt.event.ActionListener,0,2.0,0.0506892375067
edu.rice.cs.util.StringOpsTest.TestGetSimpleNameInner.java.awt.event.ActionListener_3,0,2.0,0.0506892375067
edu.rice.cs.plt.swing.SwingUtil.ActionListener_1,0,2.0,0.0496841407867
edu.rice.cs.plt.swing.SwingUtil.ActionListener,0,2.0,0.0496841407867
edu.rice.cs.drjava.model.SingleDisplayModelTest.FileOpenSelector,0,2.0,0.0491350185068
edu.rice.cs.util.text.ReadersWritersLocking,0,6.0,0.0490527564154
edu.rice.cs.drjava.DrJavaRoot.FileOpenSelector,1,2.0,0.0473492638658
edu.rice.cs.drjava.model.cache.DocumentCacheTest.FileOpenSelector,0,2.0,0.0473492638658
edu.rice.cs.drjava.model.GlobalModelIOTest.FileOpenSelector,0,2.0,0.0473492638658
edu.rice.cs.drjava.ui.InteractionsPane.Runnable,0,2.0,0.0437529019899
edu.rice.cs.drjava.ui.HistorySaveDialog.AbstractAction_0,0,2.0,0.0437529019899
edu.rice.cs.drjava.ui.MainFrame.ModelListener.Runnable_187,0,2.0,0.0420908177837
edu.rice.cs.drjava.model.debug.DebugException,0,6.0,0.0413557598838
JHawkDefaultPackage.Jerry,0,1.0,0.0400459583274
edu.rice.cs.drjava.ui.MainFrameTest.Runnable_22,0,2.0,0.0400351271473
edu.rice.cs.drjava.ui.MainFrame.FocusAdapter_154,0,2.0,0.0391957748905
edu.rice.cs.drjava.ui.MainFrame.FocusAdapter_155,0,2.0,0.0391957748905
edu.rice.cs.drjava.DrJavaRoot.Runnable_2,0,2.0,0.0384326558276
edu.rice.cs.util.newjvm.IntegratedMasterSlaveTest.TestSlaveRemote,0,4.0,0.0314950110669
edu.rice.cs.drjava.config.OptionEvent,0,8.0,0.0304876544942
edu.rice.cs.util.swing.DirectoryChooser.FileFilter,0,3.0,0.028333451136
edu.rice.cs.drjava.model.definitions.indent.ActionStartPrevLinePlusMultilineTest,0,3.0,0.0276247808503
edu.rice.cs.drjava.model.FileMovedException,0,8.0,0.0270390454156
edu.rice.cs.drjava.ui.MainFrame.RecentFileManager.RecentFileAction,0,2.0,0.0261370536548
edu.rice.cs.drjava.model.repl.newjvm.InterpreterJVM.DebugMethodContext,0,10.0,0.0260216637799
edu.rice.cs.drjava.ui.MainFrameTest.Runnable_33,0,2.0,0.0260124666312
edu.rice.cs.drjava.ui.MainFrameTest.Runnable_26,0,2.0,0.0260124666312
edu.rice.cs.drjava.ui.MainFrameTest.Runnable_27,0,2.0,0.0260124666312
edu.rice.cs.plt.iter.IterUtil.CollectionWrapper,0,10.0,0.0258340732216
edu.rice.cs.drjava.model.javadoc.JavadocModelTest.DummyOpenDefDoc_3,0,4.0,0.0258209360811
edu.rice.cs.dynamicjava.symbol.Java5Class.Lambda,0,4.0,0.0258046276917
edu.rice.cs.drjava.ui.MainFrame.AbstractAction_3,0,3.0,0.0257564421118
edu.rice.cs.drjava.ui.InteractionsController.AbstractAction.Thread,0,2.0,0.0256587980121
edu.rice.cs.util.swing.DocumentIterator,0,5.0,0.0254377093629
edu.rice.cs.drjava.model.compiler.CompilerModel,0,18.0,0.0244877411978
edu.rice.cs.drjava.model.repl.InteractionsModelCallback,9,18.0,0.0242783351684
edu.rice.cs.dynamicjava.symbol.DJMethod,0,10.0,0.0240720406088
edu.rice.cs.plt.debug.Log,0,16.0,0.0240034395612
edu.rice.cs.plt.iter.TruncatedIterable,1,22.0,0.0239452181947
edu.rice.cs.drjava.model.DefaultGlobalModel.DebugListener,2,17.0,0.0227678214364
edu.rice.cs.plt.iter.ReadOnlyIterator,0,3.0,0.0226803809131
edu.rice.cs.plt.iter.SingletonIterable,1,12.0,0.0224994564448
edu.rice.cs.drjava.model.javadoc.JavadocModelTest.DummyGlobalModel_2,0,3.0,0.0223427207615
edu.rice.cs.plt.lambda.LambdaUtil.LambdaPredicate3,0,5.0,0.0220893474917
edu.rice.cs.plt.collect.Multiset,12,22.0,0.0218237180267
edu.rice.cs.util.classloader.StickyClassLoaderTest.A,0,4.0,0.0216946441009
edu.rice.cs.plt.reflect.ReflectUtilTest.ReflectExceptionVisitor,0,12.0,0.0210395226598
edu.rice.cs.drjava.model.compiler.JavacCompiler,0,19.0,0.0209267964379
edu.rice.cs.drjava.model.repl.newjvm.MainJVMRemoteI,5,14.0,0.0206155496963
edu.rice.cs.util.StringOpsTest.TestGetSimpleNameInner.Inner,0,6.0,0.0205932605519
edu.rice.cs.drjava.ui.PreviewFrame.PageChangerUpdater,0,4.0,0.0205708215313
edu.rice.cs.drjava.model.debug.NoDebuggerAvailable,0,34.0,0.0202977120223
edu.rice.cs.plt.lambda.SimpleBox,0,9.0,0.0201643536753
edu.rice.cs.drjava.ui.MainFrame.FocusListener_160,0,3.0,0.0199057381032
edu.rice.cs.plt.io.WrappedDirectOutputStream,0,15.0,0.019720722367
edu.rice.cs.plt.lambda.LambdaUtil.BindFirstPredicate3,1,8.0,0.0193984209314
edu.rice.cs.plt.debug.DebugUtil.Predicate2,1,8.0,0.0193767113972
edu.rice.cs.drjava.ui.MainFrame.PredictiveInputFrame.InfoSupplier,0,4.0,0.0193672718496
edu.rice.cs.drjava.ui.MainFrame.FileOpenSelector_136,0,2.0,0.0193227341178
edu.rice.cs.drjava.model.debug.Debugger,1,29.0,0.0191775564614
edu.rice.cs.drjava.ui.MainFrame.ActionListener_144,0,3.0,0.0191172377112
edu.rice.cs.drjava.project.ProjectFileIR,0,29.0,0.0190284458972
edu.rice.cs.drjava.ui.ProjectMenuTest.Runnable_2.FileOpenSelector_3,0,4.0,0.0187600485561
edu.rice.cs.util.newjvm.SlaveRemote,0,4.0,0.0187364910821
edu.rice.cs.drjava.model.FileGroupingState,0,30.0,0.0187293769331
edu.rice.cs.drjava.model.SingleDisplayModel,0,13.0,0.0183726750066
edu.rice.cs.util.sexp.TextAtom,0,9.0,0.0181951136002
edu.rice.cs.plt.lambda.LambdaUtil.PartialLambda2,1,19.0,0.0181853024098
edu.rice.cs.util.StringOpsTest.TestGetSimpleNameInner.Nested,0,6.0,0.0177035637168
edu.rice.cs.plt.collect.CollectUtil.OptionVisitor,2,3.0,0.0175079379229
edu.rice.cs.drjava.model.repl.InteractionsEditorKit.Runnable,0,4.0,0.0174959231454
edu.rice.cs.plt.lambda.LambdaUtil.NegationPredicate3,0,5.0,0.0174619441615
edu.rice.cs.util.docnavigation.InnerNode,0,9.0,0.0174089933639
edu.rice.cs.javalanglevels.IntermediateLevelTest.FileFilter,0,4.0,0.0173888615913
edu.rice.cs.drjava.model.compiler.CompilerListener,0,6.0,0.0171550770003
edu.rice.cs.plt.reflect.ReflectExceptionVisitor,0,13.0,0.0170796747178
edu.rice.cs.util.swing.AsyncTask,0,14.0,0.0168381736548
edu.rice.cs.drjava.ui.config.ConfigFrame.ActionListener_4,0,4.0,0.0168296728141
edu.rice.cs.drjava.ui.MainFrame.ActionListener_204,0,4.0,0.0168296728141
edu.rice.cs.drjava.ui.MainFrame.KeyListener,0,9.0,0.0168263155521
edu.rice.cs.plt.iter.MappedIterator,0,15.0,0.0165639736405
edu.rice.cs.plt.iter.EmptyIterable,2,12.0,0.0165142828786
edu.rice.cs.plt.lambda.LambdaUtil.GeneralRunnable,0,3.0,0.0163808389334
edu.rice.cs.dynamicjava.symbol.JavaClass.JavaField,0,12.0,0.016372350583
edu.rice.cs.dynamicjava.symbol.ExtendedTypeSystem.LookupMethod_70.Lambda,0,5.0,0.0162068529413
edu.rice.cs.util.StreamRedirectorTest.InputStreamRedirector_1,0,6.0,0.015570234886
koala.dynamicjava.tree.ExpressionContainer,0,5.0,0.0153314528435
edu.rice.cs.plt.lambda.LambdaUtil.PartialLambda,1,19.0,0.0153024804707
edu.rice.cs.plt.lambda.LambdaUtil.PartialThunk,1,19.0,0.0151648209001
edu.rice.cs.drjava.ui.DrJavaErrorWindow.HyperlinkListener_0,0,8.0,0.0151476088912
edu.rice.cs.drjava.ui.MainFrameTest.Runnable_16.FileOpenSelector_17,0,6.0,0.0147490169169
edu.rice.cs.plt.iter.DiagonalCartesianIterable,3,32.0,0.0147313059679
edu.rice.cs.plt.lambda.LambdaUtil.PromotedLambda4,0,5.0,0.0145825923709
edu.rice.cs.plt.lambda.LambdaUtil.BindFirstRunnable,0,6.0,0.0145428152106
edu.rice.cs.plt.reflect.ReflectUtil.ConstructorLambda,0,4.0,0.0143622043475
edu.rice.cs.util.docnavigation.DummyINavigatorItem,0,14.0,0.0141173040485
edu.rice.cs.plt.lambda.LambdaUtil.LambdaRunnable4,0,5.0,0.0140066660027
edu.rice.cs.plt.iter.TruncatedIterator,0,15.0,0.0138743214506
edu.rice.cs.drjava.ui.DefinitionsPane.UndoWithPosition,0,26.0,0.0138048550268
edu.rice.cs.util.swing.FileSelectorComponent.FocusListener,0,3.0,0.0136883843858
edu.rice.cs.util.swing.DirectorySelectorComponent.FocusListener,0,3.0,0.0136883843858
edu.rice.cs.util.OutputStreamRedirector,0,6.0,0.0136031045286
edu.rice.cs.drjava.ui.MainFrame.AbstractAction_111,0,6.0,0.0134035167443
edu.rice.cs.drjava.config.Option.Runnable,0,4.0,0.0133866444188
edu.rice.cs.util.classloader.ClassFileError,0,13.0,0.0132540664281
edu.rice.cs.drjava.MainController,0,2.0,0.0132304321536
edu.rice.cs.drjava.ui.DefinitionsPaneTest.Runnable_2,0,6.0,0.0131371286858
edu.rice.cs.dynamicjava.symbol.TypeSystem.StaticMethodInvocation,0,6.0,0.0128734327613
edu.rice.cs.drjava.config.FileOption.File,0,35.0,0.0128240723345
edu.rice.cs.plt.collect.ImmutableMapEntry,3,13.0,0.0128026733758
edu.rice.cs.plt.lambda.LambdaUtil.StringConcatLambda,0,4.0,0.0127928267313
edu.rice.cs.plt.lambda.LambdaUtil.OrPredicate2,0,8.0,0.0127602209181
edu.rice.cs.util.newjvm.MasterRemote,0,5.0,0.0127489903467
edu.rice.cs.plt.recur.ComposedContinuation,0,16.0,0.0126068847458
edu.rice.cs.drjava.model.compiler.Javac141Compiler.Writer,0,4.0,0.0126056280803
edu.rice.cs.drjava.model.compiler.Javac150Compiler.Writer,0,4.0,0.0126056280803
edu.rice.cs.plt.concurrent.ConcurrentUtil.CopyStream,0,13.0,0.0126045156942
edu.rice.cs.drjava.ui.JavadocFrame.HyperlinkListener,0,7.0,0.0125719354397
edu.rice.cs.drjava.ui.MainFrame.JavaAPIListEntry_209,0,7.0,0.0125510119663
edu.rice.cs.plt.lambda.LambdaUtil.LambdaRunnable3,0,5.0,0.0125423072604
edu.rice.cs.plt.lambda.LambdaUtil.RunnableThunk,0,6.0,0.0124683306022
edu.rice.cs.plt.text.TextUtil.UnicodeTranslator.JState,0,1.0,0.0124659444156
edu.rice.cs.drjava.ui.ForegroundColorListener,0,16.0,0.0124299557063
edu.rice.cs.util.docnavigation.NodeDataVisitor,0,5.0,0.0123043970553
edu.rice.cs.drjava.model.definitions.reducedmodel.ReducedToken,6,57.0,0.0120281026627
edu.rice.cs.util.swing.AsyncTaskLauncher.Runnable.Runnable_0.Runnable_1,0,5.0,0.0120005758347
edu.rice.cs.plt.collect.ConsVisitor.Append,0,8.0,0.0119701420846
edu.rice.cs.plt.lambda.LambdaUtil.PromotedRunnable3,0,5.0,0.0118932250073
edu.rice.cs.plt.text.TextUtil.UnicodeTranslator.UnicodeTranslator_2,0,13.0,0.0118739667763
edu.rice.cs.plt.iter.FilteredIterable,0,20.0,0.0118370536464
edu.rice.cs.drjava.model.debug.jpda.DebugContextTest.Runnable,0,4.0,0.0117643088891
edu.rice.cs.drjava.config.DefaultOptionMap,0,27.0,0.0117227571687
edu.rice.cs.drjava.model.definitions.reducedmodel.Gap,3,48.0,0.0117169528501
edu.rice.cs.util.docnavigation.JTreeSortNavigator.NodeDataVisitor,0,4.0,0.0117060974278
edu.rice.cs.dynamicjava.symbol.TreeClass.TreeMethod,0,32.0,0.0116997504344
edu.rice.cs.drjava.model.javadoc.JavadocModelTest.JavadocListener,0,4.0,0.0116766017787
edu.rice.cs.plt.concurrent.ConcurrentUtilTest.ProcessTask1,0,6.0,0.0116299520407
koala.dynamicjava.tree.tiger.ConsEnv,0,17.0,0.0115418373004
edu.rice.cs.dynamicjava.interpreter.TreeCompiler.TypeAbstractVisitor_void,0,10.0,0.0115205812565
edu.rice.cs.drjava.model.repl.InteractionsModelTest.InputListener,0,2.0,0.011487562319
edu.rice.cs.drjava.ui.BrowserHistoryPanel.RegionManagerListener,0,12.0,0.0113885604104
edu.rice.cs.util.ReaderWriterLock.DeadlockException,0,6.0,0.0113257198669
edu.rice.cs.drjava.config.Option,0,27.0,0.0113196421272
edu.rice.cs.drjava.ui.MainFrame.UIDebugListener,3,48.0,0.0112808134224
koala.dynamicjava.tree.ArrayAllocation.TypeDescriptor,0,24.0,0.0112723925542
edu.rice.cs.dynamicjava.interpreter.ExpressionEvaluator.ShiftOperation,0,19.0,0.011251424845
edu.rice.cs.plt.lambda.LambdaUtil.PromotedLambda2,0,5.0,0.0112117435258
edu.rice.cs.drjava.model.repl.newjvm.MainJVM.DummyJUnitModel,8,11.0,0.0111225083858
edu.rice.cs.drjava.ui.config.FileOptionComponent,0,40.0,0.0110102664244
edu.rice.cs.plt.reflect.ReflectUtil.ObjectMethodThunk,0,7.0,0.0109226576964
edu.rice.cs.plt.iter.IterUtil.ObjectArrayWrapper,0,12.0,0.0109107456115
edu.rice.cs.plt.lambda.LambdaUtil.BindThirdPredicate2,0,8.0,0.0108858677725
edu.rice.cs.plt.lambda.LambdaUtil.BindSecondPredicate2,0,8.0,0.0108858677725
edu.rice.cs.drjava.ui.ErrorPanel.ErrorListPane.DefaultEditorKit.CopyAction,0,8.0,0.010869134039
edu.rice.cs.drjava.ui.ErrorPanel.ErrorListPane.DefaultEditorKit.CutAction,0,8.0,0.010869134039
reflectionTests.TestClass,0,35.0,0.0108053313394
edu.rice.cs.dynamicjava.interpreter.StatementEvaluator.ReadOnlyIterator,0,7.0,0.0107792521145
edu.rice.cs.plt.io.DirectOutputStream,0,24.0,0.0107780252762
edu.rice.cs.util.docnavigation.AWTContainerNavigatorFactory,0,28.0,0.0106594921031
edu.rice.cs.plt.tuple.Pair,0,44.0,0.0106537922235
reflectionTests.I1,0,6.0,0.0105840639493
edu.rice.cs.drjava.ui.MainFrame.ModelListener.Runnable_180,0,7.0,0.0104883457592
edu.rice.cs.drjava.model.GlobalModelTestCase.OpenWarningException,0,1.0,0.0104088378025
edu.rice.cs.drjava.ui.AboutDialog.java.util.Comparator,0,4.0,0.0104044881003
edu.rice.cs.plt.lambda.LambdaUtil.RunnableLambda4,0,10.0,0.0103928257525
edu.rice.cs.util.ReaderWriterLockTest.ReaderThread,0,9.0,0.0103916997643
edu.rice.cs.plt.lambda.LambdaUtil.CurriedLambda4,0,10.0,0.0103544567556
edu.rice.cs.util.SRunnable,0,1.0,0.0103357383873
edu.rice.cs.drjava.model.junit.JUnitModelCallback,0,11.0,0.0103259076173
edu.rice.cs.drjava.model.definitions.DefinitionsEditorKit.ViewFactory,0,4.0,0.010323564859
edu.rice.cs.drjava.ui.DebugPanel.StackMouseAdapter,0,16.0,0.0102569411488
edu.rice.cs.util.DirectorySelector,0,6.0,0.0102189451416
edu.rice.cs.drjava.ui.BreakpointsPanel.AbstractAction_2,0,4.0,0.0101684362746
edu.rice.cs.dynamicjava.symbol.Access,0,3.0,0.0101576798943
edu.rice.cs.drjava.ui.config.FileOptionComponent.DocumentListener,0,4.0,0.0100969429582
edu.rice.cs.drjava.ui.MainFrame.AbstractAction_55,0,5.0,0.0100870850391
edu.rice.cs.javalanglevels.JExprParseException,0,22.0,0.0100080198307
edu.rice.cs.drjava.ui.InteractionsController.AbstractAction_7,0,8.0,0.0100006010087
edu.rice.cs.drjava.model.definitions.DefinitionsDocument.WrappedPosition,0,6.0,0.00999935237924
edu.rice.cs.drjava.model.repl.newjvm.ClassPathManager.Lambda,0,4.0,0.00999678615344
edu.rice.cs.plt.collect.ConsVisitor.Map,2,8.0,0.0099927207056
edu.rice.cs.drjava.model.definitions.indent.IndentRulesTestCase.AbstractDJDocument,0,10.0,0.00996875819004
edu.rice.cs.drjava.ui.DrJavaErrorWindow.AbstractAction,0,4.0,0.00990473766242
edu.rice.cs.drjava.ui.DrJavaErrorPopup.AbstractAction,0,4.0,0.00990473766242
edu.rice.cs.plt.iter.IterUtil.OptionVisitor,2,4.0,0.00982144002013
edu.rice.cs.drjava.ui.MainFrame.Runnable_165,0,5.0,0.00981611329022
edu.rice.cs.plt.lambda.LambdaUtil.AddIntLambda,0,4.0,0.00975349084565
edu.rice.cs.plt.lambda.LambdaUtil.DivideIntLambda,0,4.0,0.00975349084565
edu.rice.cs.drjava.model.GlobalModelJUnitTest.JUnitCompileBeforeTestListener.FileSaveSelector,0,5.0,0.00966951383206
edu.rice.cs.drjava.plugins.jedit.JEditPlugin.JEditInteractionsListener.Runnable_3,0,8.0,0.00965465413084
edu.rice.cs.util.swing.Utilities.TextAreaMessageDialog.ActionListener,0,4.0,0.00964917875895
edu.rice.cs.dynamicjava.symbol.ExtendedTypeSystem.TypeAbstractVisitor,0,28.0,0.00960789791525
edu.rice.cs.drjava.model.FindReplaceMachineTest.Runnable_2,0,5.0,0.00958877137355
edu.rice.cs.plt.io.LinkedInputAndOutputStream.DirectOutputStream,0,16.0,0.0095776224816
edu.rice.cs.drjava.ui.DefinitionsPane.UndoAction,0,28.0,0.00957348880968
edu.rice.cs.plt.swing.SwingUtil.javax.swing.filechooser.FileFilter,0,3.0,0.00957034865092
edu.rice.cs.drjava.ui.MainFrame.DocumentUIListener,0,9.0,0.00948649920469
edu.rice.cs.drjava.ui.RegionsListPanel.KeyAdapter,0,6.0,0.00948441210649
edu.rice.cs.drjava.ui.MainFrame.AbstractAction_48.ClipboardHistoryFrame.CloseAction_49,0,11.0,0.00946233035929
edu.rice.cs.plt.recur.RecurUtil,0,10.0,0.00941411900645
edu.rice.cs.util.text.SwingDocumentInterface,0,1.0,0.00932154361175
koala.dynamicjava.tree.TypeName,0,5.0,0.00931851691138
edu.rice.cs.drjava.ui.FindReplacePanel.DocumentListener,0,7.0,0.00931369014227
koala.dynamicjava.util.Constants,0,6.0,0.00931035768846
edu.rice.cs.plt.lambda.LambdaUtil.ThunkValueLambda,0,5.0,0.00930687295516
edu.rice.cs.drjava.ui.AboutDialog.MouseListener_0,0,9.0,0.00930484887623
edu.rice.cs.drjava.ui.JarOptionsDialog.FileFilter_4,0,3.0,0.00915106143918
edu.rice.cs.plt.lambda.LambdaUtil.NoOp,0,8.0,0.00914243952956
edu.rice.cs.util.swing.BorderlessScrollPane,0,19.0,0.00908791746915
edu.rice.cs.util.FileOpenSelector,0,3.0,0.0090874768775
edu.rice.cs.drjava.model.definitions.ColoringView.DocumentClosedListener,0,16.0,0.00907365111297
edu.rice.cs.drjava.model.definitions.ColoringGlyphPainter.DocumentClosedListener,0,16.0,0.00907365111297
edu.rice.cs.dynamicjava.symbol.TypeSystem.TypeWrapper,0,10.0,0.00906164777041
edu.rice.cs.dynamicjava.interpreter.TreeClassLoader,1,18.0,0.00899017566217
edu.rice.cs.util.swing.FileSelectionEvent,0,28.0,0.00898542491506
edu.rice.cs.drjava.model.StaticDocumentRegion,0,45.0,0.00896734977017
edu.rice.cs.drjava.project.ProjectFileParser.BreakpointPropertyVisitor.DebugBreakpointData_0,2,5.0,0.00896264059481
edu.rice.cs.plt.tuple.Wrapper.Factory,0,5.0,0.00895118814077
edu.rice.cs.util.sexp.Cons,0,22.0,0.00895040729532
edu.rice.cs.dynamicjava.symbol.ExtendedTypeSystem.ConstraintSet_41,0,4.0,0.00892034191445
edu.rice.cs.dynamicjava.symbol.LocalVariable,0,13.0,0.00889828978457
edu.rice.cs.plt.iter.IterUtil.LongArrayWrapper,0,12.0,0.00886913814729
edu.rice.cs.plt.iter.IterUtil.CharArrayWrapper,0,12.0,0.00886913814729
edu.rice.cs.plt.iter.IterUtil.BooleanArrayWrapper,0,12.0,0.00886913814729
edu.rice.cs.dynamicjava.symbol.ExtendedTypeSystem.TypeCopyDepthFirstVisitor.Thunk,0,12.0,0.00884839131226
edu.rice.cs.drjava.model.AbstractGlobalModel.FocusListener,0,5.0,0.00883623425138
edu.rice.cs.drjava.model.DefaultGlobalModel.CompilerListener,1,10.0,0.00882381984235
edu.rice.cs.util.swing.UneditableTableModel,0,8.0,0.00881042990595
edu.rice.cs.drjava.ui.MainFrame.MouseListener,0,6.0,0.00879501802947
edu.rice.cs.drjava.project.ProjectFileParser.PrivateProjectException,0,3.0,0.00875846305162
edu.rice.cs.drjava.ui.ClipboardHistoryFrame.java.awt.event.WindowAdapter,0,4.0,0.00870776641712
edu.rice.cs.drjava.ui.predictive.PredictiveInputFrame.java.awt.event.WindowAdapter,0,4.0,0.00870776641712
edu.rice.cs.drjava.model.repl.newjvm.InterpretResult.BooleanValueResult,0,5.0,0.00870561176035
edu.rice.cs.util.text.ConsoleDocument.ConsoleEditCondition,0,10.0,0.00869039395407
edu.rice.cs.dynamicjava.symbol.Java5Class.Java5Field,0,4.0,0.0086270135837
edu.rice.cs.drjava.ui.MainFrameTest.ComponentAdapter,0,5.0,0.00862663248408
edu.rice.cs.drjava.ui.MainFrameTest.ComponentAdapter_19,0,5.0,0.00862663248408
koala.dynamicjava.tree.tiger.TypeParameter,0,27.0,0.00860500786957
edu.rice.cs.plt.lambda.LambdaUtil.ToStringLambda,0,4.0,0.00859751502221
edu.rice.cs.drjava.model.GlobalModelCompileSuccessTestCase,0,10.0,0.00853854162479
edu.rice.cs.plt.lambda.LambdaUtil.ComposedRunnable3,0,9.0,0.00844157981618
edu.rice.cs.drjava.model.definitions.DefinitionsDocument.CommandUndoableEdit,0,17.0,0.00840054762914
koala.dynamicjava.interpreter.error.BreakException,0,16.0,0.00832538119526
koala.dynamicjava.interpreter.error.ContinueException,0,16.0,0.00832538119526
edu.rice.cs.drjava.ui.BrowserHistoryPanel.AbstractAction_5,0,6.0,0.00831608725579
edu.rice.cs.drjava.model.repl.newjvm.InterpretResult.ExceptionResult,0,9.0,0.00828780743137
edu.rice.cs.plt.lambda.LambdaUtil.BindSecondLambda2,0,8.0,0.00825545861183
koala.dynamicjava.tree.ExpressionStatement,0,2.0,0.00825175281633
edu.rice.cs.dynamicjava.symbol.TreeClass.DefaultTreeConstructor,0,6.0,0.00824016488326
edu.rice.cs.plt.recur.ComposedContinuation.Lambda,0,4.0,0.00818330671575
edu.rice.cs.plt.tuple.Triple,0,53.0,0.00817574477918
edu.rice.cs.drjava.ui.InteractionsController.InputListener,0,10.0,0.00816010996784
edu.rice.cs.plt.lambda.LambdaUtil.AndPredicate,0,8.0,0.00803286098034
edu.rice.cs.plt.text.TextUtil.UnicodeTranslator.UnicodeTranslator_1,0,16.0,0.00802204443869
edu.rice.cs.util.text.EditDocumentException,0,14.0,0.00801304216915
edu.rice.cs.dynamicjava.symbol.JavaClass.Thunk,0,7.0,0.00800881645151
edu.rice.cs.drjava.model.definitions.reducedmodel.Stutter,0,8.0,0.0079961501185
edu.rice.cs.util.swing.BorderlessSplitPane,0,23.0,0.00798363102913
edu.rice.cs.drjava.model.SingleDisplayModelTest.SDTestListener_1,0,15.0,0.00793795770807
edu.rice.cs.drjava.model.junit.JUnitError,0,24.0,0.00791538069216
edu.rice.cs.drjava.ui.config.ButtonComponent,0,23.0,0.00783608462294
edu.rice.cs.plt.io.WrappedDirectReader,0,19.0,0.00782954819868
edu.rice.cs.util.classloader.StickyClassLoaderTest.BMaker,0,3.0,0.00781004668564
edu.rice.cs.drjava.ui.MainFrame.LastFocusListener,0,5.0,0.00780893136729
edu.rice.cs.drjava.model.debug.Debugger.StepType,0,1.0,0.00777501034971
edu.rice.cs.util.classloader.StickyClassLoaderTest.One,0,1.0,0.00777501034971
edu.rice.cs.util.swing.FileDisplayManager,0,6.0,0.00773279144442
edu.rice.cs.plt.lambda.LambdaUtil.RunnableLambda,0,6.0,0.00772774100165
edu.rice.cs.drjava.ui.ErrorPanel.ErrorListPane.DefaultEditorKit.PasteAction,0,2.0,0.007688255278
edu.rice.cs.drjava.ui.ConsoleController.DefaultEditorKit.PasteAction,0,2.0,0.007688255278
edu.rice.cs.drjava.ui.JUnitPanel.JUnitErrorListPane.JUnitProgressBar,0,31.0,0.00767854520532
edu.rice.cs.util.FileOps.DefaultFileSaver,3,27.0,0.00764009181825
edu.rice.cs.util.docnavigation.JListSortNavigator,0,26.0,0.00761925732995
edu.rice.cs.drjava.ui.JarOptionsDialog.ProcessingFrame,0,16.0,0.00760346926762
koala.dynamicjava.util.FileFinder,0,21.0,0.00758326801779
edu.rice.cs.drjava.ui.JavadocErrorPanel.JavadocErrorListPane,0,22.0,0.00751826243066
edu.rice.cs.plt.iter.IndexedIterator,0,12.0,0.00749078355682
edu.rice.cs.drjava.ui.DefinitionsPaneTest.Runnable_16,0,20.0,0.00746159725054
edu.rice.cs.drjava.ui.HTMLFrame.HistoryList,0,14.0,0.00746000761153
edu.rice.cs.plt.io.ExpandingByteBuffer,0,16.0,0.00738735288866
edu.rice.cs.plt.lambda.LambdaUtil.OrPredicate4,0,12.0,0.00736479142703
edu.rice.cs.drjava.model.GlobalModelTestCase.JUnitNonTestListener,0,13.0,0.00736383907688
edu.rice.cs.drjava.project.ProjectFileParser.SExpVisitor,0,16.0,0.00735040879316
edu.rice.cs.drjava.ui.InteractionsPaneTest.Runnable_8,0,18.0,0.00733986311137
edu.rice.cs.drjava.model.repl.SimpleInteractionsModel,11,75.0,0.00733137265102
edu.rice.cs.plt.iter.FiniteSequenceIterable,0,27.0,0.00732768125922
edu.rice.cs.drjava.ui.MainFrame.DJFileDisplayManager,0,32.0,0.00730341457204
koala.dynamicjava.util.UnexpectedException,0,15.0,0.0072885959109
edu.rice.cs.util.newjvm.IntegratedMasterSlaveTest.CounterSlave,0,16.0,0.00726332902978
edu.rice.cs.util.swing.Utilities,0,56.0,0.00723858969833
edu.rice.cs.plt.collect.ComplementSet,3,35.0,0.00721807658885
edu.rice.cs.plt.lambda.LambdaUtil.BindSecondRunnable3,0,8.0,0.00721552175422
edu.rice.cs.plt.io.IOUtil.Runnable_4,0,4.0,0.00720338875863
edu.rice.cs.plt.io.IOUtil.Runnable,0,4.0,0.00720338875863
edu.rice.cs.dynamicjava.symbol.DJConstructor,0,5.0,0.0071612402579
edu.rice.cs.drjava.ui.MainFrameTest.SingleDisplayModelCompileListener,0,11.0,0.00712208012031
edu.rice.cs.dynamicjava.symbol.Java5Class.TypeAbstractVisitor,0,13.0,0.00708781945425
edu.rice.cs.util.BidirectionalHashMap,0,44.0,0.00707313494384
edu.rice.cs.drjava.ui.MainFrame.AbstractAction_83,0,4.0,0.00706262785801
edu.rice.cs.drjava.ui.MainFrame.AbstractAction_84,0,4.0,0.00706262785801
edu.rice.cs.drjava.ui.MainFrameTest.Runnable_7,0,8.0,0.00705706254476
edu.rice.cs.drjava.model.compiler.Javac150CompilerTest,0,20.0,0.00702710308212
edu.rice.cs.util.swing.FileSelectionListener,0,3.0,0.00699894206254
JHawkDefaultPackage.IterableTest,0,8.0,0.0069957934962
edu.rice.cs.drjava.ui.InteractionsController.AbstractAction_6,0,11.0,0.00698478589839
edu.rice.cs.drjava.model.GlobalModelJUnitTest.JUnitCompileBeforeTestListener,0,16.0,0.00696379105363
edu.rice.cs.drjava.ui.config.OptionComponent.Runnable,0,4.0,0.00692993419645
koala.dynamicjava.tree.FormalParameter,0,43.0,0.00690344479083
koala.dynamicjava.tree.ForEachStatementTest,0,11.0,0.0068988958054
edu.rice.cs.util.docnavigation.StringNode,0,7.0,0.00687522484575
edu.rice.cs.drjava.ui.MainFrame.AbstractAction_61,0,6.0,0.00683997133737
edu.rice.cs.plt.io.OutputStreamSplitter,0,20.0,0.0067918401505
edu.rice.cs.drjava.ui.BookmarksPanel.AbstractAction_3,0,4.0,0.00678265681234
edu.rice.cs.plt.tuple.Pair.GetSecond,0,5.0,0.006775895552
edu.rice.cs.drjava.ui.SimpleInteractionsWindow.InteractionsListener,0,20.0,0.00676483986385
edu.rice.cs.util.PreventExitSecurityManager,0,47.0,0.00675239321447
edu.rice.cs.plt.tuple.Quad.GetFirst,0,5.0,0.00674035576989
edu.rice.cs.plt.tuple.Quad.GetFourth,0,5.0,0.00674035576989
edu.rice.cs.util.swing.ScrollableDialog.AbstractAction,0,4.0,0.00674027160365
edu.rice.cs.drjava.plugins.eclipse.views.InteractionsController.EclipseInteractionsListener.Runnable_0,0,4.0,0.00674027160365
koala.dynamicjava.tree.tiger.Environment,0,6.0,0.00669587201217
edu.rice.cs.dynamicjava.interpreter.TreeCompiler.AbstractVisitor,0,19.0,0.00668770517978
edu.rice.cs.plt.concurrent.ConcurrentUtilTest.TrivialIncrementalTask,0,24.0,0.0066582576643
edu.rice.cs.drjava.ui.RegionsListPanel.Runnable_0,0,18.0,0.00665715662369
edu.rice.cs.drjava.ui.MainFrame.DocumentUIListener.Runnable_133,0,6.0,0.00661636147936
edu.rice.cs.drjava.ui.DrJavaErrorWindow.AbstractAction_1,0,10.0,0.00656231969645
edu.rice.cs.drjava.model.repl.newjvm.InterpreterJVM.OutputStreamRedirector_0,0,8.0,0.00654756548212
edu.rice.cs.drjava.model.repl.newjvm.InterpreterJVM.OutputStreamRedirector,0,8.0,0.00654756548212
edu.rice.cs.drjava.ui.FindResultsPanel.RegionManagerListener,0,7.0,0.00650035270019
edu.rice.cs.drjava.ui.PreviewFrame.JSpinnerChanger,0,14.0,0.00647059433989
edu.rice.cs.drjava.model.compiler.Javac160CompilerTest,0,15.0,0.00644839655369
edu.rice.cs.plt.reflect.ReflectUtil.MethodLambda2,0,6.0,0.00642927744425
edu.rice.cs.plt.tuple.IdentityPair.Factory,0,5.0,0.00638806097569
edu.rice.cs.drjava.model.junit.JUnitEventNotifier,0,50.0,0.00633415202873
edu.rice.cs.drjava.ui.MainFrame.AbstractAction_16,0,5.0,0.00632955641758
edu.rice.cs.drjava.ui.MainFrame.AbstractAction_13,0,5.0,0.00632955641758
edu.rice.cs.drjava.ui.MainFrame.AbstractAction_20,0,5.0,0.00632955641758
edu.rice.cs.drjava.ui.MainFrame.AbstractAction_15,0,5.0,0.00632955641758
edu.rice.cs.drjava.ui.MainFrame.AbstractAction_116.AbstractAction_117,0,5.0,0.00632955641758
edu.rice.cs.drjava.model.definitions.indent.QuestionBraceIsCurly,0,7.0,0.00631694982907
edu.rice.cs.plt.iter.IterUtil.CharSequenceWrapper.IndexedIterator,0,3.0,0.00630922233353
edu.rice.cs.dynamicjava.interpreter.ExpressionEvaluator.LValueVisitor.Box,0,3.0,0.00630922233353
edu.rice.cs.util.CompletionMonitorTest.ThreadInterrupter.Thread_0,0,13.0,0.00630023045156
edu.rice.cs.drjava.model.definitions.reducedmodel.InsideLineComment,0,21.0,0.00627365584847
edu.rice.cs.drjava.model.SingleDisplayModelTest.SDTestListener_3,0,15.0,0.00627228678429
edu.rice.cs.plt.lambda.LambdaUtil.OrPredicate3,0,12.0,0.00625419581017
edu.rice.cs.drjava.platform.DefaultPlatform,0,71.0,0.00624695146998
koala.dynamicjava.tree.Identifier,0,38.0,0.00624530755694
edu.rice.cs.drjava.ui.InteractionsHistoryFilter,0,25.0,0.00624325522952
edu.rice.cs.drjava.model.repl.InteractionsScriptModel,0,60.0,0.00623388410708
edu.rice.cs.dynamicjava.symbol.ExtendedTypeSystem.EmptyVarargInferenceChecker,0,23.0,0.00623371229444
edu.rice.cs.drjava.ui.MainFrame.Runnable_164,0,8.0,0.00622009335536
edu.rice.cs.javalanglevels.BodyData.BodyDataTest,0,20.0,0.00620054055778
edu.rice.cs.drjava.config.ParseStrategy,0,3.0,0.006186976466
edu.rice.cs.drjava.model.SingleDisplayModelTest.SDTestListener_2,0,12.0,0.00618066236314
edu.rice.cs.drjava.ui.MainFrame.OddDisplayManager,0,20.0,0.0061682495936
edu.rice.cs.dynamicjava.symbol.TypeSystem.StaticFieldReference,0,5.0,0.006163515968
edu.rice.cs.drjava.ui.DebugPanel.ThreadMouseAdapter,0,15.0,0.0061388398654
edu.rice.cs.dynamicjava.interpreter.FunctionContext,1,67.0,0.00613530236367
edu.rice.cs.drjava.plugins.eclipse.views.InteractionsController.InputListener,0,8.0,0.0061216544387
edu.rice.cs.dynamicjava.interpreter.StatementEvaluator.Result,0,14.0,0.00610890568379
edu.rice.cs.drjava.ui.FindResultsPanel.ColorComboRenderer,0,26.0,0.00609781472645
edu.rice.cs.drjava.plugins.jedit.JEditPlugin.Runnable_1,0,9.0,0.00609482068187
edu.rice.cs.dynamicjava.symbol.ExtendedTypeSystem.LookupMethod_70.Lambda2,0,6.0,0.0060081738467
edu.rice.cs.drjava.ui.MainFrame.OptionListener,0,4.0,0.00600783598437
edu.rice.cs.plt.lambda.LambdaUtil.BindFirstLambda,0,8.0,0.00599573312354
edu.rice.cs.util.newjvm.IntegratedMasterSlaveTest.TestMasterRemote,0,3.0,0.00599551437568
edu.rice.cs.drjava.ui.JarOptionsDialog.FrameState,0,31.0,0.00598538030706
edu.rice.cs.drjava.ui.MainFrameTest.SingleDisplayModelFileClosedListener,0,11.0,0.00597747085694
edu.rice.cs.drjava.model.GlobalModel,7,111.0,0.00596228709361
edu.rice.cs.drjava.config.OptionMap,0,8.0,0.00595564385486
edu.rice.cs.drjava.model.debug.DebugTestCase.DebugTestListener,1,88.0,0.00595525561057
edu.rice.cs.drjava.ui.ErrorCaretListener,0,35.0,0.00590730974298
edu.rice.cs.dynamicjava.symbol.Java5Class.Java5Method,0,13.0,0.00590436352192
edu.rice.cs.util.jar.JarCreationTest.FileFilter,0,4.0,0.00590366931771
edu.rice.cs.plt.tuple.Triple.GetThird,0,5.0,0.00583917809452
koala.dynamicjava.tree.ObjectMethodCall,0,28.0,0.00582665287882
JHawkDefaultPackage.James,0,2.0,0.00582100511137
edu.rice.cs.drjava.ui.MainFrame.FileOpenSelector_0,0,7.0,0.00581530017122
edu.rice.cs.plt.lambda.LambdaUtil.ComposedRunnable2,0,9.0,0.00581518514872
edu.rice.cs.drjava.ui.AbstractConsoleController.AbstractAction,0,7.0,0.00580587533895
edu.rice.cs.drjava.model.DefaultGlobalModel.ConcreteOpenDefDoc,1,34.0,0.00580507842388
edu.rice.cs.plt.ant.ForNumTask.MapIterator,0,9.0,0.00580459602597
edu.rice.cs.dynamicjava.symbol.TypeSystem,0,116.0,0.00579166724207
edu.rice.cs.dynamicjava.interpreter.ExpressionEvaluator.MatchingPrimitiveBinaryOperation,0,37.0,0.00578270934042
edu.rice.cs.drjava.ui.FindResultsPanel.FindResultsRegionTreeUserObj,0,16.0,0.00575524871867
edu.rice.cs.dynamicjava.symbol.ExtendedTypeSystem.TypeCopyDepthFirstVisitor,0,32.0,0.00575251094402
edu.rice.cs.util.CompletionMonitorTest.Thread,0,8.0,0.00575179802109
koala.dynamicjava.interpreter.TypeUtil.Expression,0,4.0,0.00574741931771
edu.rice.cs.drjava.model.AbstractDJDocument.OptionListener,0,4.0,0.00574741931771
koala.dynamicjava.interpreter.TypeUtil.TypeName,0,4.0,0.00574741931771
edu.rice.cs.drjava.model.repl.DefaultInteractionsModel.OptionListener,0,4.0,0.00574741931771
edu.rice.cs.drjava.model.SingleDisplayModelTest.SDTestListener,0,3.0,0.00573062312932
edu.rice.cs.drjava.ui.MainFrame.AbstractAction_43,0,5.0,0.00571798919209
edu.rice.cs.drjava.ui.MainFrame.RecentFilesOptionListener,1,8.0,0.00571120008839
edu.rice.cs.dynamicjava.symbol.SymbolUtil,0,100.0,0.00569389942564
edu.rice.cs.drjava.ui.RegionsListPanel.Runnable_1,1,17.0,0.00567848634854
edu.rice.cs.drjava.ui.MainFrameTest.Runnable_16,0,4.0,0.00564604500548
edu.rice.cs.drjava.ui.DebugPanel.BPTree,0,13.0,0.00562715956242
edu.rice.cs.drjava.config.StringOption,0,5.0,0.00561690657641
edu.rice.cs.plt.lambda.LambdaUtil.DecrementIntLambda,0,4.0,0.00560253540378
edu.rice.cs.plt.lambda.LambdaUtil.NotIdenticalPredicate,0,4.0,0.00560253540378
edu.rice.cs.drjava.ui.DefinitionsPaneTest.Runnable_19,0,5.0,0.00559222054511
edu.rice.cs.drjava.model.AbstractGlobalModel.ProjectFileGroupingState,0,117.0,0.00555748393654
edu.rice.cs.drjava.ui.config.ConfigFrame.PanelTreeNode,1,37.0,0.00553381114463
edu.rice.cs.drjava.model.definitions.CompoundUndoManager,2,99.0,0.00551562637601
edu.rice.cs.plt.tuple.Sextet,0,55.0,0.00550392092288
edu.rice.cs.drjava.ui.MainFrame.Thread,0,8.0,0.0055010569206
edu.rice.cs.plt.reflect.JavaVersion.FullVersion,0,57.0,0.00547153611844
edu.rice.cs.drjava.model.GlobalModelIOTest.TestIOListener_8,0,6.0,0.00546485244787
edu.rice.cs.drjava.model.GlobalModelIOTest.TestIOListener_9,0,6.0,0.00546485244787
edu.rice.cs.drjava.model.definitions.reducedmodel.InsideDoubleQuote,0,31.0,0.00544925575663
edu.rice.cs.drjava.model.definitions.CompoundUndoManager.Runnable,0,6.0,0.00544455168969
koala.dynamicjava.tree.ImportDeclaration,0,54.0,0.00542032924939
edu.rice.cs.drjava.ui.QuickStartFrame.HyperlinkListener,0,26.0,0.00540376007856
edu.rice.cs.drjava.model.AbstractGlobalModel.ProjectFileGroupingState.AsyncTask,0,57.0,0.00538215046888
edu.rice.cs.plt.recur.PrecomputedRecursionStack,0,95.0,0.00536202232674
edu.rice.cs.drjava.ui.MainFrame.AbstractAction_39,0,9.0,0.00534880374153
edu.rice.cs.drjava.ui.MainFrame.AbstractAction_38,0,9.0,0.00534880374153
edu.rice.cs.drjava.ui.InteractionsController.AbstractAction,0,11.0,0.00533835915374
edu.rice.cs.plt.tuple.Octet,0,66.0,0.00528882909551
edu.rice.cs.dynamicjava.interpreter.LocalContext,0,85.0,0.00527036288001
edu.rice.cs.drjava.platform.PlatformFactory,0,9.0,0.00526537911219
edu.rice.cs.drjava.ui.BackgroundColorListener,0,10.0,0.00524357515397
edu.rice.cs.drjava.plugins.eclipse.repl.EclipseInteractionsModel.edu.rice.cs.util.OutputStreamRedirector_0,0,5.0,0.00524057395588
edu.rice.cs.drjava.model.definitions.indent.IndentRuleWithTrace,0,46.0,0.00519892100004
edu.rice.cs.drjava.model.definitions.reducedmodel.InsideSingleQuote,0,32.0,0.00519068967808
edu.rice.cs.javalanglevels.MethodData,0,88.0,0.00518329877442
edu.rice.cs.dynamicjava.interpreter.RuntimeBindings,0,55.0,0.00517930782691
edu.rice.cs.dynamicjava.symbol.TypeSystem.MethodInvocation,0,12.0,0.00517926022633
edu.rice.cs.drjava.ui.MainFrame.ModelListener.Runnable_177,0,6.0,0.00516083910791
edu.rice.cs.plt.collect.KeyDrivenEntrySet,0,24.0,0.00511794949951
edu.rice.cs.plt.iter.IterUtil.ByteArrayWrapper.IndexedIterator,0,3.0,0.00508255326561
edu.rice.cs.plt.iter.IterUtil.CharArrayWrapper.IndexedIterator,0,3.0,0.00508255326561
edu.rice.cs.drjava.ui.config.ConfigFrame.AbstractAction_0,0,11.0,0.00504751884242
edu.rice.cs.drjava.ui.RecentFileManager,0,88.0,0.00504402746557
edu.rice.cs.drjava.ui.DefinitionsPane.AbstractAction_4,0,7.0,0.00502634807441
koala.dynamicjava.util.TigerUtilities,0,92.0,0.00502476627473
edu.rice.cs.drjava.model.definitions.indent.ActionStartPrevLinePlusMultilinePreserveTest,0,72.0,0.00502304306991
bpkg.B,0,5.0,0.00499519384152
edu.rice.cs.drjava.model.TestDocGetter,0,25.0,0.00499319880228
edu.rice.cs.plt.collect.ConsVisitor.Rest,0,10.0,0.00496950211861
edu.rice.cs.plt.reflect.ShadowingClassLoader,1,32.0,0.00496370202272
edu.rice.cs.drjava.ui.BreakpointsPanel.RegionManagerListener,0,26.0,0.00495787998762
edu.rice.cs.plt.reflect.ReflectUtil.FieldBox,0,36.0,0.00494805704816
edu.rice.cs.util.StreamRedirectorTest.InputStreamRedirector,0,4.0,0.00492252573068
edu.rice.cs.drjava.ui.MainFrameTest.Runnable_11,0,11.0,0.00491250922064
edu.rice.cs.drjava.platform.MacPlatform.ApplicationAdapter.Runnable,0,5.0,0.00490719727057
edu.rice.cs.javalanglevels.ElementaryLevelTest.FileFilter_0,0,3.0,0.00487964165394
edu.rice.cs.javalanglevels.ElementaryLevelTest.FileFilter_2,0,3.0,0.00487964165394
edu.rice.cs.javalanglevels.IntermediateLevelTest.FileFilter_0,0,3.0,0.00487964165394
edu.rice.cs.javalanglevels.AdvancedLevelTest.FileFilter_2,0,3.0,0.00487964165394
edu.rice.cs.plt.concurrent.CompletionMonitorTest,0,31.0,0.00486460983372
edu.rice.cs.drjava.ui.BreakpointsPanel.BreakpointRegionTreeUserObj,0,24.0,0.00480210951245
edu.rice.cs.drjava.model.definitions.reducedmodel.ReducedModelState,0,45.0,0.00479267954182
edu.rice.cs.drjava.plugins.eclipse.views.InteractionsController.Action,0,8.0,0.00478209278475
edu.rice.cs.drjava.ui.MainFrame.AbstractAction_115,0,9.0,0.00477026416514
edu.rice.cs.util.docnavigation.GroupNotSelectedException,0,5.0,0.00475790054001
edu.rice.cs.drjava.ui.RegionsListPanel.RegionMouseAdapter,0,10.0,0.00472170819134
koala.dynamicjava.tree.ClassDeclaration,0,30.0,0.00471962084198
edu.rice.cs.drjava.ui.MainFrame.AbstractAction_118,0,23.0,0.00471660318404
edu.rice.cs.javalanglevels.VariableData,0,136.0,0.0047037225401
edu.rice.cs.plt.concurrent.ReaderWriterLock,0,91.0,0.0046975785545
edu.rice.cs.drjava.model.debug.DebugWatchData,0,70.0,0.00468878991634
edu.rice.cs.plt.collect.ConsList.Nonempty,4,21.0,0.00468820370846
edu.rice.cs.drjava.ui.RecentDocFrame.JLabel,0,8.0,0.00468706169759
edu.rice.cs.drjava.model.debug.DebugTestCase.DebugStartAndStopListener,0,17.0,0.0046737216274
edu.rice.cs.drjava.ui.config.ForcedChoiceOptionComponent,0,40.0,0.00466944846044
edu.rice.cs.drjava.plugins.eclipse.DrJavaPreferencePage,0,28.0,0.00464870066215
edu.rice.cs.drjava.project.ProjectFileParser.NumberVisitor,1,15.0,0.00463938882744
edu.rice.cs.drjava.ui.config.ToolbarOptionComponent.OptionListener,0,4.0,0.0046381529167
edu.rice.cs.drjava.ui.MainFrame.PositionListener,1,31.0,0.00462362988603
edu.rice.cs.drjava.project.ProjectFileParser.BookmarkPropertyVisitor,2,27.0,0.00461494039054
edu.rice.cs.plt.concurrent.ConcurrentUtil.TaskProcess,0,29.0,0.00458477722017
edu.rice.cs.drjava.model.DefaultGlobalModel.ConcreteOpenDefDoc.DummyInteractionsListener,0,13.0,0.0045836583478
edu.rice.cs.drjava.ui.CompilerErrorPanel.ItemListener,0,10.0,0.00456886910253
koala.dynamicjava.tree.LongLiteralTest,0,30.0,0.00454793813156
edu.rice.cs.util.newjvm.SlaveJVMRunner,2,67.0,0.00454493597982
edu.rice.cs.plt.recur.PrecomputedRecursionStack3,0,106.0,0.00453578200009
edu.rice.cs.util.swing.DirectorySelectorComponent,3,101.0,0.00453074981751
edu.rice.cs.drjava.ui.MainFrameTest.Runnable_34,0,5.0,0.00451182307447
edu.rice.cs.drjava.ui.MainFrameTest.Runnable_14,0,5.0,0.00451182307447
edu.rice.cs.drjava.ui.MainFrameTest.Runnable_28,0,5.0,0.00451182307447
edu.rice.cs.javalanglevels.SourceInfo,0,68.0,0.00450575296687
edu.rice.cs.drjava.ui.DebugPanel.WatchEditor,0,10.0,0.00449795320608
edu.rice.cs.drjava.model.JDKToolsLibrary,0,73.0,0.00448449095107
edu.rice.cs.drjava.ui.MainFrame.AbstractAction_112,0,5.0,0.00447859608154
edu.rice.cs.drjava.ui.MainFrame.AbstractAction_113,0,5.0,0.00447859608154
edu.rice.cs.drjava.ui.DrJavaErrorWindow.AbstractAction_2,0,10.0,0.00444990655245
edu.rice.cs.drjava.model.definitions.InvalidPackageException,0,10.0,0.00442998657652
koala.dynamicjava.tree.SimpleAllocation,0,36.0,0.0044121253123
edu.rice.cs.drjava.ui.DirectoryFilter,0,15.0,0.00441057865825
edu.rice.cs.drjava.model.GlobalModelTestCase.CompileShouldFailListener,1,41.0,0.00440754577884
koala.dynamicjava.interpreter.TypeUtil,0,14.0,0.0043948542223
edu.rice.cs.drjava.plugins.jedit.JEditPlugin.JEditInteractionsListener,0,37.0,0.004355345962
edu.rice.cs.drjava.model.print.DrJavaBook,0,73.0,0.00435510338894
edu.rice.cs.drjava.model.junit.DefaultJUnitModel.DummyCompilerListener,0,17.0,0.0043504052493
edu.rice.cs.drjava.ui.MainFrame.Runnable_166,0,24.0,0.00433049453285
edu.rice.cs.dynamicjava.symbol.ExtendedTypeSystem.TypeCopyDepthFirstVisitor_30,0,41.0,0.00432566496654
edu.rice.cs.drjava.ui.JavadocDialog,0,72.0,0.00432439064748
edu.rice.cs.plt.lambda.LambdaUtil.NullLambda,0,9.0,0.00432301025049
edu.rice.cs.dynamicjava.interpreter.TopLevelContext,4,208.0,0.00431513162414
edu.rice.cs.drjava.ui.MainFrame.ModelListener.Runnable_183,0,4.0,0.00429215446909
edu.rice.cs.javalanglevels.SymbolData.PrimitiveData_1,0,17.0,0.00425717156802
edu.rice.cs.drjava.model.definitions.reducedmodel.HighlightStatus,0,26.0,0.0042511601743
edu.rice.cs.plt.text.ArgumentParser,0,102.0,0.00421699674629
edu.rice.cs.drjava.model.compiler.DefaultCompilerModel,3,191.0,0.00418122859683
edu.rice.cs.drjava.ui.MainFrame.ModelListener.Runnable_169,0,18.0,0.00416654537489
edu.rice.cs.util.newjvm.ExecJVM,1,132.0,0.00415883164531
edu.rice.cs.drjava.ConfigFileTest,0,19.0,0.00415661033757
edu.rice.cs.drjava.ui.config.IntegerOptionComponent,0,39.0,0.00413538850487
edu.rice.cs.drjava.ui.MainFrame.LineEnumOptionListener,0,3.0,0.00413527451479
edu.rice.cs.drjava.ui.MainFrame.MainFontOptionListener,0,3.0,0.00413527451479
edu.rice.cs.drjava.model.definitions.ColoringGlyphPainter.ColorOptionListener,0,3.0,0.00413527451479
edu.rice.cs.drjava.model.definitions.indent.ActionDoNothing,0,5.0,0.00412912496519
edu.rice.cs.drjava.model.repl.InteractionsDJDocumentTest.DummyInteractionsListener,0,6.0,0.00411027945841
edu.rice.cs.javalanglevels.SymbolData.PrimitiveData_2,0,16.0,0.00409645080954
edu.rice.cs.drjava.ui.MainFrame.ModelListener.Runnable_198,0,16.0,0.00409280705838
edu.rice.cs.plt.iter.IterUtil.ObjectArrayWrapper.IndexedIterator,0,3.0,0.00409027023455
edu.rice.cs.drjava.config.OptionConstants.LookAndFeels,1,25.0,0.0040836366454
edu.rice.cs.drjava.model.DefaultLightWeightParsingControl.Runnable,0,32.0,0.00407824757837
edu.rice.cs.drjava.ui.MainFrame.AbstractAction_94,0,9.0,0.00406151548626
edu.rice.cs.plt.tuple.IdentityQuad.Factory,0,9.0,0.00405855935095
edu.rice.cs.drjava.ui.RegionsTreePanel.RegionMouseAdapter,0,17.0,0.00405457984867
edu.rice.cs.drjava.plugins.eclipse.DrJavaPerspective,0,20.0,0.00401778255065
edu.rice.cs.drjava.model.compiler.CompilerOptions,0,51.0,0.0040121639619
edu.rice.cs.util.classloader.StickyClassLoader,0,59.0,0.00400140151496
edu.rice.cs.dynamicjava.interpreter.TreeCompiler.EvaluationAdapter,0,61.0,0.00399873088663
edu.rice.cs.plt.tuple.Quad.Factory,0,9.0,0.0039854934588
edu.rice.cs.drjava.ui.MainFrame.AbstractAction_98,0,5.0,0.00396648958958
edu.rice.cs.drjava.ui.DefinitionsPane.BookmarkColorOptionListener,0,6.0,0.00395359761422
edu.rice.cs.drjava.config.ClassPathOption,0,14.0,0.00395188216935
edu.rice.cs.util.docnavigation.NodeData,0,3.0,0.00395046236571
edu.rice.cs.plt.iter.CartesianIterator,0,37.0,0.00393727772751
edu.rice.cs.drjava.ui.MainFrame.AbstractAction_10,0,15.0,0.00392135163906
edu.rice.cs.drjava.ui.predictive.PredictiveInputFrame.AbstractAction_6,0,14.0,0.00390041398671
edu.rice.cs.drjava.ui.DebugPanel.WatchRenderer,0,20.0,0.00389010353169
edu.rice.cs.drjava.model.EventNotifier.Runnable,0,6.0,0.00386907886464
edu.rice.cs.drjava.model.EventNotifier.Runnable_0,0,6.0,0.00386907886464
koala.dynamicjava.tree.AmbiguousName,0,46.0,0.00385651901724
edu.rice.cs.util.docnavigation.JTreeSortNavigator.CustomTreeCellRenderer,0,16.0,0.00384774309643
edu.rice.cs.dynamicjava.symbol.ExtendedTypeSystem.LookupMethod_75.Lambda2,0,7.0,0.00383879476932
edu.rice.cs.javalanglevels.LValueTypeChecker,0,27.0,0.00382401863521
edu.rice.cs.drjava.model.definitions.ColoringView,2,115.0,0.0038179627799
edu.rice.cs.javalanglevels.JExprParserTest,0,38.0,0.00381543760612
edu.rice.cs.drjava.ui.config.ColorOptionComponent.OptionListener,0,4.0,0.00379909289066
koala.dynamicjava.tree.tiger.EmptyEnv,0,10.0,0.00377913709559
edu.rice.cs.drjava.model.debug.jpda.JPDAStackData,0,8.0,0.00377894199905
edu.rice.cs.drjava.model.definitions.indent.ActionStartPrevLinePlus,0,26.0,0.00375499354408
edu.rice.cs.util.swing.ConfirmCheckBoxDialog,0,34.0,0.003754815773
edu.rice.cs.drjava.ui.MainFrame.AbstractAction_86,0,5.0,0.0037534096509
edu.rice.cs.drjava.ui.FindReplacePanel.DefaultEditorKit.CopyAction,0,11.0,0.00375187472313
edu.rice.cs.drjava.ui.MainFrame.ModelListener.Runnable_197,0,19.0,0.00370711109463
edu.rice.cs.drjava.ui.RecentDocFrame,0,161.0,0.00368856491967
koala.dynamicjava.tree.DoubleLiteral,0,11.0,0.00367427209763
edu.rice.cs.drjava.model.cache.DocumentCache.RegistrationListener,0,3.0,0.00366254573116
edu.rice.cs.javalanglevels.JExprParserTest.FileFilter,0,4.0,0.00365973124046
edu.rice.cs.drjava.ui.JUnitPanel,1,108.0,0.00365276009308
edu.rice.cs.drjava.config.SavableConfiguration,0,39.0,0.00364935987506
edu.rice.cs.drjava.ui.MainFrameTest.Runnable_18,0,7.0,0.00364745654934
edu.rice.cs.plt.ant.OneLineJUnitResultFormatter,0,107.0,0.00364073850815
edu.rice.cs.drjava.project.MalformedProjectFileException,0,5.0,0.00360763708811
edu.rice.cs.javalanglevels.InstanceData,0,17.0,0.00360228225117
edu.rice.cs.drjava.ui.MainFrame.DoclistFontOptionListener,0,6.0,0.00357513940933
edu.rice.cs.drjava.model.definitions.indent.QuestionCurrLineStartsWith,0,22.0,0.00356766058623
edu.rice.cs.plt.reflect.ReflectException.NoSuchFieldReflectException,0,6.0,0.00354548614967
edu.rice.cs.plt.reflect.ReflectException.NullPointerReflectException,0,6.0,0.00354548614967
edu.rice.cs.plt.reflect.ReflectException.IllegalAccessReflectException,0,6.0,0.00354548614967
edu.rice.cs.drjava.plugins.eclipse.views.InteractionsController.EclipseInteractionsListener,0,46.0,0.00353984438942
edu.rice.cs.util.swing.DelegatingAction,0,102.0,0.00349888210205
edu.rice.cs.drjava.model.junit.JUnitTestManager,2,141.0,0.0034928212136
edu.rice.cs.plt.lambda.Runnable1,0,3.0,0.00348624864964
edu.rice.cs.drjava.plugins.eclipse.views.InteractionsController.KeyUpdateListener,0,35.0,0.00347822356072
edu.rice.cs.drjava.ui.DefinitionsPane.ThreadColorOptionListener,0,5.0,0.00347034998751
edu.rice.cs.drjava.model.definitions.reducedmodel.ReducedModelControl,11,225.0,0.00344536309757
edu.rice.cs.javalanglevels.SymbolData.PrimitiveData_4,0,14.0,0.00344405183219
edu.rice.cs.plt.iter.IterUtil.ComposeLambda,0,8.0,0.00344087896831
edu.rice.cs.drjava.ui.MainFrame.AbstractAction_26,0,4.0,0.00343629563734
edu.rice.cs.drjava.ui.config.KeyStrokeOptionComponent.GetKeyDialog.ActionListener_0,0,7.0,0.00342973199736
koala.dynamicjava.tree.AssertStatement,0,33.0,0.00342044347442
edu.rice.cs.drjava.ui.FindReplacePanel.ItemListener_8,0,8.0,0.00341132090618
edu.rice.cs.util.text.SWTDocumentAdapter.Runnable,0,17.0,0.00340084905878
edu.rice.cs.drjava.ui.InteractionsController.AbstractAction_10,0,7.0,0.00337726486528
edu.rice.cs.drjava.plugins.jedit.JEditPlugin,0,83.0,0.00336990574708
edu.rice.cs.drjava.ui.config.KeyStrokeOptionComponent,0,72.0,0.00336661484759
edu.rice.cs.drjava.ui.JUnitPanel.JUnitErrorListPane,0,166.0,0.00336249686158
edu.rice.cs.drjava.model.print.PagePrinter,0,41.0,0.003346520377
edu.rice.cs.drjava.ui.MainFrame.AbstractAction_95,0,7.0,0.00334601496875
edu.rice.cs.drjava.ui.DebugPanel.AbstractAction,0,5.0,0.00334058613651
edu.rice.cs.drjava.model.compiler.Javac150Compiler,0,151.0,0.00333243975302
edu.rice.cs.javalanglevels.SymbolData.SymbolData_8,0,7.0,0.00332991403837
edu.rice.cs.drjava.model.javadoc.JavadocModelTest.DummyGlobalModel_0,0,4.0,0.00332951353056
koala.dynamicjava.tree.NullLiteral,0,8.0,0.00332665974834
edu.rice.cs.drjava.config.IntegerOption,0,11.0,0.00332305565475
edu.rice.cs.plt.concurrent.ConcurrentUtilTest.TestProcess,0,8.0,0.00328848627682
koala.dynamicjava.tree.MethodCall,0,28.0,0.00327744534083
edu.rice.cs.drjava.model.definitions.indent.Indenter.IndentReason,0,4.0,0.00325397429064
pkg.IntBox,0,3.0,0.00324226610489
edu.rice.cs.drjava.ui.MainFrameTest.Runnable_25,0,4.0,0.00322794027331
edu.rice.cs.util.PreventExitSecurityManagerTest,0,36.0,0.00321877320219
edu.rice.cs.drjava.ui.ConsoleController.UpDownAction,0,11.0,0.00321635871468
edu.rice.cs.drjava.ui.InteractionsPaneTest.Runnable_13,0,5.0,0.00321587820051
edu.rice.cs.javalanglevels.SymbolData.PrimitiveData_3,0,15.0,0.00321444837671
edu.rice.cs.util.ReaderWriterLock.ReaderWriterThread,0,23.0,0.00321325188965
edu.rice.cs.drjava.model.definitions.indent.QuestionHasCharPrecedingOpenBrace,0,28.0,0.00320267562299
edu.rice.cs.drjava.ui.RegionsTreePanel,4,182.0,0.00318657693759
edu.rice.cs.util.Lambda,0,3.0,0.00317800750807
edu.rice.cs.plt.concurrent.DelayedInterrupter.Thread,0,8.0,0.00317227381216
edu.rice.cs.dynamicjava.interpreter.ExpressionEvaluator.ShiftOperation_23,0,5.0,0.00316925931368
edu.rice.cs.dynamicjava.interpreter.ExpressionEvaluator.MatchingPrimitiveBinaryOperation_17,0,5.0,0.00316925931368
edu.rice.cs.dynamicjava.interpreter.ExpressionEvaluator.MatchingPrimitiveBinaryOperation_13,0,5.0,0.00316925931368
edu.rice.cs.dynamicjava.interpreter.ExpressionEvaluator.MatchingPrimitiveBinaryOperation_11,0,5.0,0.00316925931368
edu.rice.cs.drjava.ui.DefinitionsPane.BreakpointColorOptionListener,0,6.0,0.00314925926963
edu.rice.cs.drjava.ui.AbstractConsoleController.OptionListener,0,5.0,0.00311360604874
edu.rice.cs.drjava.ui.predictive.PredictiveInputModel.RegExLineNumStrategy,1,66.0,0.00310129811105
edu.rice.cs.plt.reflect.JavaVersionTest,0,38.0,0.0030686413269
edu.rice.cs.drjava.ui.DefinitionsPane.AbstractAction_1,0,9.0,0.00304665149472
edu.rice.cs.drjava.model.definitions.reducedmodel.GapTest,0,24.0,0.00303847302124
edu.rice.cs.drjava.model.DummyOpenDefDocTest,0,14.0,0.00303498586122
koala.dynamicjava.tree.LongLiteral,0,20.0,0.00300371346633
edu.rice.cs.javalanglevels.InterfaceBodyAdvancedVisitor,0,76.0,0.00296663612354
koala.dynamicjava.tree.ReturnStatement,0,23.0,0.00294958180338
edu.rice.cs.drjava.ui.DefinitionsPaneTest.Runnable_7,0,5.0,0.0029350212118
edu.rice.cs.drjava.ui.DefinitionsPaneTest.Runnable_6,0,5.0,0.0029350212118
edu.rice.cs.drjava.ui.DefinitionsPaneTest.Runnable_8,0,5.0,0.0029350212118
edu.rice.cs.drjava.ui.MainFrame.RightClickMouseAdapter_158,0,5.0,0.0029350212118
koala.dynamicjava.tree.IntegerLiteral,0,18.0,0.00292485518647
edu.rice.cs.util.ArgumentTokenizerTest,0,89.0,0.00292431800607
edu.rice.cs.drjava.model.cache.DocumentCacheTest.FinalizationListener,0,4.0,0.0029224477459
edu.rice.cs.javalanglevels.InterfaceBodyIntermediateVisitor,0,66.0,0.00290198617326
edu.rice.cs.util.sexp.Atom,0,3.0,0.00289816200653
edu.rice.cs.plt.tuple.IdentityWrapper,0,19.0,0.00289720298989
edu.rice.cs.drjava.model.definitions.indent.QuestionBraceIsCurlyTest,0,92.0,0.00289548756439
edu.rice.cs.plt.reflect.ReflectUtil,1,243.0,0.00288680744455
edu.rice.cs.util.newjvm.AbstractSlaveJVM.Thread,0,15.0,0.00287898297928
edu.rice.cs.drjava.model.junit.DrJavaTestCaseClassLoader,0,164.0,0.00287399278555
edu.rice.cs.drjava.ui.ErrorPanel.ErrorListPane,0,285.0,0.00286426837497
edu.rice.cs.util.sexp.SExpParser.ParseHelper,0,74.0,0.00285500112541
edu.rice.cs.drjava.ui.MainFrameTest.Runnable_15,0,5.0,0.00282051346351
edu.rice.cs.drjava.ui.HTMLFrame,0,184.0,0.00281839282898
edu.rice.cs.javalanglevels.IntermediateVisitor,0,200.0,0.00281396234939
edu.rice.cs.drjava.model.compiler.CompilerOptions.WarningOptionListener,0,5.0,0.00280664170102
edu.rice.cs.drjava.ui.MainFrame.ModelListener.Runnable_195,0,19.0,0.00278886516696
koala.dynamicjava.tree.tiger.GenericReferenceTypeName,0,30.0,0.00278683602425
edu.rice.cs.util.jar.JarBuilder,0,84.0,0.00276913301443
koala.dynamicjava.tree.ArrayInitializer,0,44.0,0.0027570575767
edu.rice.cs.plt.tuple.IdentityPair,0,26.0,0.00275357470429
edu.rice.cs.drjava.ui.config.VectorFileOptionComponent,0,53.0,0.00274060305509
edu.rice.cs.drjava.model.repl.newjvm.MainJVM.DummyDebugModel,0,4.0,0.00273746107464
edu.rice.cs.drjava.model.EventNotifierTest,0,34.0,0.00270217272055
edu.rice.cs.drjava.ui.config.KeyStrokeOptionComponent.GetKeyDialog.ActionListener_2,0,15.0,0.00267569949032
edu.rice.cs.drjava.model.GlobalModelCompileTest.TestListener_0,0,6.0,0.00266682673506
edu.rice.cs.drjava.ui.DrJavaErrorPopup.ChangeListener,0,4.0,0.0026223322165
edu.rice.cs.drjava.ui.MainFrame.ModelListener.Runnable_188,0,6.0,0.00260811138684
edu.rice.cs.plt.tuple.IdentityQuint,0,32.0,0.00259672113858
edu.rice.cs.drjava.ui.MainFrame.DelegatingAction,0,8.0,0.00258682902944
edu.rice.cs.drjava.ui.MainFrameTest.Runnable_36,0,5.0,0.00258235221865
edu.rice.cs.drjava.model.definitions.indent.QuestionLineContains,0,15.0,0.00256805372366
edu.rice.cs.util.swing.ScrollableListSelectionDialog.SelectionState,0,4.0,0.00255952984619
edu.rice.cs.drjava.model.GlobalModelTestCase,1,216.0,0.00254672807834
edu.rice.cs.drjava.model.GlobalModelTestCase.TestListener_0,0,263.0,0.00251416356046
edu.rice.cs.util.ReaderWriterLockTest,0,122.0,0.0025117595227
edu.rice.cs.javalanglevels.BlockData,0,9.0,0.00250607103247
edu.rice.cs.drjava.model.cache.DocumentCacheTest.DocumentCache.RegistrationListener,0,4.0,0.00248955676167
edu.rice.cs.plt.io.ExpandingByteBuffer.DirectInputStream,0,106.0,0.00248690406825
edu.rice.cs.drjava.ui.JarOptionsDialog,6,281.0,0.00248610227835
edu.rice.cs.drjava.ui.MainFrame.ModelListener.Runnable_193,0,13.0,0.00245645787922
edu.rice.cs.plt.iter.IterUtilTest,0,102.0,0.00241396563535
edu.rice.cs.dynamicjava.symbol.ExtendedTypeSystem.MultiVarargChecker,0,35.0,0.00241140860229
edu.rice.cs.drjava.plugins.jedit.JEditPlugin.Runnable,0,5.0,0.00241042069396
edu.rice.cs.drjava.plugins.jedit.JEditPlugin.JEditInteractionsListener.Runnable_4,0,5.0,0.00241042069396
edu.rice.cs.javalanglevels.ConstructorBodyTypeChecker,0,169.0,0.00240638280887
edu.rice.cs.drjava.IndentFiles,0,61.0,0.00239106813801
edu.rice.cs.dynamicjava.interpreter.AmbiguousNameException,0,5.0,0.00238710278729
edu.rice.cs.drjava.plugins.eclipse.views.InteractionsViewTest,0,148.0,0.00237678032237
koala.dynamicjava.util.TigerUtilitiesTest,0,115.0,0.00236622799831
edu.rice.cs.javalanglevels.CharConverter,0,122.0,0.00235590543201
edu.rice.cs.drjava.plugins.eclipse.views.InteractionsController.SelectionAdapter,0,5.0,0.00235246606042
edu.rice.cs.drjava.ui.MainFrame.RightClickMouseAdapter,0,163.0,0.00234638686133
edu.rice.cs.drjava.ui.ClipboardHistoryFrame,0,174.0,0.00232605985109
edu.rice.cs.drjava.ui.MainFrame.AbstractAction_54,0,2.0,0.00230606993627
edu.rice.cs.drjava.ui.MainFrame.AbstractAction_82,0,2.0,0.00230606993627
edu.rice.cs.drjava.ui.MainFrame.AbstractAction_25,0,2.0,0.00230606993627
edu.rice.cs.drjava.ui.FindResultsPanel.AbstractAction_1,0,2.0,0.00230606993627
edu.rice.cs.drjava.ui.PreviewFrame.AbstractAction_0,0,2.0,0.00230606993627
edu.rice.cs.drjava.ui.MainFrame.AbstractAction_8,0,2.0,0.00230606993627
edu.rice.cs.drjava.ui.MainFrame.AbstractAction_108,0,2.0,0.00230606993627
edu.rice.cs.drjava.ui.MainFrame.AbstractAction_36,0,2.0,0.00230606993627
edu.rice.cs.drjava.ui.MainFrame.AbstractAction_30,0,2.0,0.00230606993627
edu.rice.cs.drjava.ui.ProjectPropertiesFrame.AbstractAction_1,0,2.0,0.00230606993627
edu.rice.cs.drjava.ui.MainFrame.AbstractAction_42,0,2.0,0.00230606993627
edu.rice.cs.drjava.ui.FindReplacePanel.AbstractAction_2,0,2.0,0.00230606993627
edu.rice.cs.drjava.ui.MainFrame.AbstractAction_33,0,2.0,0.00230606993627
edu.rice.cs.drjava.ui.MainFrame.AbstractAction_41,0,2.0,0.00230606993627
edu.rice.cs.util.FileOps,22,324.0,0.00229791224252
edu.rice.cs.util.OrderedHashSetTest,0,121.0,0.00229325287914
edu.rice.cs.drjava.ui.InteractionsScriptController.AbstractAction,0,6.0,0.00227917641231
edu.rice.cs.drjava.ui.InteractionsScriptController.AbstractAction_0,0,6.0,0.00227917641231
edu.rice.cs.drjava.ui.JavadocErrorPanel,0,29.0,0.00226440349906
edu.rice.cs.drjava.model.definitions.indent.ActionStartPrevLinePlusMultiline,0,52.0,0.00220306482443
edu.rice.cs.drjava.ui.InteractionsPaneTest.Thread,0,7.0,0.00219943936183
edu.rice.cs.plt.collect.OneToOneHashMapTest,0,123.0,0.002197447669
edu.rice.cs.plt.debug.FileLog,1,49.0,0.00219428067657
edu.rice.cs.drjava.ui.DefinitionsPaneTest.Runnable_18,0,16.0,0.00218504093999
koala.dynamicjava.tree.SwitchStatement,0,34.0,0.00215894777516
edu.rice.cs.drjava.ui.config.KeyStrokeOptionComponent.GetKeyDialog.InputField,0,16.0,0.00215661582005
edu.rice.cs.javalanglevels.MethodData.MethodDataTest,0,61.0,0.00214301716167
edu.rice.cs.drjava.model.definitions.indent.QuestionNewParenPhrase,1,30.0,0.00212256802744
edu.rice.cs.drjava.ui.MainFrame.ModelListener.Runnable_190,0,40.0,0.00210499840081
edu.rice.cs.drjava.ui.MainFrame.AbstractAction_69,0,7.0,0.0021008310282
edu.rice.cs.drjava.model.repl.HistoryTest,0,162.0,0.00209698710543
edu.rice.cs.drjava.model.GlobalModelIOTest.TestListener_6,0,11.0,0.00208654341609
edu.rice.cs.plt.lambda.LambdaUtilTest,0,62.0,0.00207926361666
edu.rice.cs.drjava.ui.PreviewConsoleFrame,0,16.0,0.00207164034809
edu.rice.cs.drjava.config.VectorOption,0,60.0,0.00206745371362
edu.rice.cs.util.swing.ScrollableListSelectionDialog.AbstractTableModel,0,60.0,0.00206452101298
koala.dynamicjava.tree.LabeledStatement,0,37.0,0.00204734829498
koala.dynamicjava.util.LibraryFinder,0,52.0,0.00203825448847
edu.rice.cs.dynamicjava.symbol.ExtendedTypeSystem.VariableHandler,0,50.0,0.00202883888622
edu.rice.cs.drjava.model.definitions.indent.QuestionNewParenPhraseTest,0,71.0,0.0020219702231
edu.rice.cs.drjava.ui.DefinitionsPane.IndentKeyActionTab,0,5.0,0.00200810958363
edu.rice.cs.drjava.model.definitions.indent.QuestionCurrLineStartsWithSkipComments,1,45.0,0.00199894747589
edu.rice.cs.drjava.ui.PreviewDefDocFrame,0,24.0,0.00199659635643
edu.rice.cs.drjava.model.definitions.indent.QuestionCurrLineStartsWithSkipCommentsTest,0,132.0,0.00199123485657
edu.rice.cs.util.newjvm.IntegratedMasterSlaveTest,0,24.0,0.00198268614496
edu.rice.cs.plt.collect.WeakHashSetTest,0,143.0,0.0019734570831
edu.rice.cs.drjava.ui.MainFrame.AbstractAction_88,0,9.0,0.00196818907977
edu.rice.cs.drjava.ui.ProjectMenuTest,0,77.0,0.00193824497088
edu.rice.cs.plt.reflect.PathClassLoaderTest,0,88.0,0.00192746876617
edu.rice.cs.drjava.model.GlobalIndentTest,0,133.0,0.00192605507948
edu.rice.cs.drjava.ui.SimpleInteractionsWindow.WindowAdapter,0,2.0,0.00190924453944
edu.rice.cs.drjava.ui.DefinitionsPane.AbstractAction,0,2.0,0.00190924453944
edu.rice.cs.util.swing.SwingWorker.Runnable,0,2.0,0.00190924453944
edu.rice.cs.util.classloader.StrictURLClassLoaderTest,0,18.0,0.00184241517107
edu.rice.cs.drjava.model.GlobalModelCompileSuccessTest,0,97.0,0.00184007127296
edu.rice.cs.drjava.ui.DefinitionsPane.ErrorColorOptionListener,0,11.0,0.00183897743815
edu.rice.cs.drjava.ui.DrJavaErrorWindow,1,230.0,0.00183577360748
edu.rice.cs.drjava.ui.InteractionsPane.AntiAliasOptionListener,0,6.0,0.00183476572719
koala.dynamicjava.tree.ThrowStatement,0,25.0,0.00182622011219
edu.rice.cs.drjava.ui.MainFrame.ModelListener.Runnable_182,0,12.0,0.00182537573759
edu.rice.cs.util.OrderedBidirectionalHashMapTest,0,153.0,0.00182174000383
edu.rice.cs.drjava.model.junit.JUnitErrorModelTest,0,177.0,0.00181863831006
edu.rice.cs.plt.text.TextUtilTest,0,47.0,0.00181271142916
edu.rice.cs.drjava.ui.JarOptionsDialog.SwingWorker,2,114.0,0.00177589518927
koala.dynamicjava.tree.BlockStatement,0,25.0,0.00177359611247
edu.rice.cs.util.text.SWTDocumentAdapterTest.DocumentEditCondition,0,7.0,0.00175297295766
edu.rice.cs.drjava.model.definitions.indent.ActionStartPrevLinePlusBackupTest,0,42.0,0.0017395247626
edu.rice.cs.drjava.model.definitions.indent.ActionBracePlusTest,0,135.0,0.00171924075394
edu.rice.cs.drjava.model.definitions.indent.QuestionExistsCharInPrevStmt,0,20.0,0.0017042113202
koala.dynamicjava.tree.AnonymousInnerAllocation,0,26.0,0.00166961375288
edu.rice.cs.drjava.ui.BookmarksPanel,0,39.0,0.00164934789506
edu.rice.cs.javalanglevels.BodyBodyElementaryVisitor,0,42.0,0.00162901771779
koala.dynamicjava.tree.PlusExpression,0,11.0,0.00162424853002
koala.dynamicjava.tree.NotExpression,0,11.0,0.00162424853002
koala.dynamicjava.tree.MinusExpression,0,11.0,0.00162424853002
edu.rice.cs.drjava.ui.InteractionsScriptPane,0,9.0,0.00157862931039
edu.rice.cs.drjava.platform.MacFactoryTest,0,9.0,0.00156582625069
edu.rice.cs.drjava.ui.MainFrame.AbstractAction_90,0,12.0,0.00149593098424
edu.rice.cs.plt.io.IOUtil,19,501.0,0.0014850647728
edu.rice.cs.drjava.model.debug.jpda.Step,0,44.0,0.00148463271263
edu.rice.cs.dynamicjava.interpreter.StatementChecker,0,473.0,0.0014798701039
edu.rice.cs.dynamicjava.interpreter.CheckerException,0,9.0,0.00146396903565
edu.rice.cs.javalanglevels.TryCatchBodyTypeChecker.TryCatchBodyTypeCheckerTest,0,100.0,0.00145158540332
edu.rice.cs.drjava.model.definitions.indent.QuestionExistsCharInStmtTest,0,75.0,0.00144434721307
edu.rice.cs.drjava.config.ColorOptionTest,0,30.0,0.00143275131641
koala.dynamicjava.tree.tiger.EnvironmentTest,0,52.0,0.00141123219301
edu.rice.cs.drjava.config.NonNegativeIntegerOptionTest,0,27.0,0.00139923707591
edu.rice.cs.drjava.ui.config.KeyStrokeOptionComponent.GetKeyDialog.ActionListener_1,0,5.0,0.00137401888532
edu.rice.cs.drjava.ui.InteractionsPaneTest.Runnable_3,0,5.0,0.00137401888532
edu.rice.cs.drjava.ui.InteractionsPaneTest.Runnable_1,0,5.0,0.00137401888532
edu.rice.cs.util.SuppressWarnings,0,243.0,0.00133906930773
koala.dynamicjava.tree.tiger.PolymorphicSimpleAllocation,0,22.0,0.00132589659137
edu.rice.cs.drjava.ui.DefinitionsPane.AbstractAction_3,0,5.0,0.00132011942307
edu.rice.cs.drjava.ui.MainFrameTest,2,375.0,0.00131898738964
koala.dynamicjava.tree.IfThenElseStatement,0,26.0,0.00125134595393
edu.rice.cs.drjava.model.definitions.indent.QuestionStartingNewStmt,0,26.0,0.00124979161139
edu.rice.cs.drjava.config.BooleanOptionTest,0,31.0,0.00124883253898
edu.rice.cs.javalanglevels.BodyTypeChecker,0,553.0,0.00120064158606
edu.rice.cs.javalanglevels.InterfaceBodyAdvancedVisitor.InterfaceBodyAdvancedVisitorTest,0,235.0,0.00119326581662
edu.rice.cs.drjava.model.debug.DebugTestCase,2,266.0,0.00119223981491
edu.rice.cs.drjava.CommandLineTest,1,269.0,0.00119105830878
edu.rice.cs.drjava.model.cache.DocumentCacheTest,0,314.0,0.00116592731114
edu.rice.cs.drjava.model.DummyGlobalModelTest,1,46.0,0.00115636310943
edu.rice.cs.drjava.model.definitions.CommentTest,0,103.0,0.00115334059603
edu.rice.cs.drjava.ui.config.ConfigFrame,0,547.0,0.00114709613895
edu.rice.cs.javalanglevels.BodyBodyAdvancedVisitor.BodyBodyAdvancedVisitorTest,0,133.0,0.00112425556989
edu.rice.cs.drjava.config.SavableConfigurationTest,0,51.0,0.0011182750464
edu.rice.cs.drjava.ui.MainFrame.AbstractAction,0,9.0,0.00109923209159
koala.dynamicjava.tree.LongTypeName,0,11.0,0.00109643361618
koala.dynamicjava.tree.ByteTypeName,0,11.0,0.00109643361618
koala.dynamicjava.tree.FloatTypeName,0,11.0,0.00109643361618
koala.dynamicjava.tree.ShortTypeName,0,11.0,0.00109643361618
edu.rice.cs.drjava.model.definitions.indent.QuestionLineContainsTest,0,43.0,0.0010853616066
edu.rice.cs.drjava.model.definitions.DefinitionsDocument,40,810.0,0.00105754683963
edu.rice.cs.drjava.model.definitions.reducedmodel.MixedQuoteTest,0,59.0,0.00104933077306
edu.rice.cs.util.text.SwingDocumentTest,0,53.0,0.00101209962382
koala.dynamicjava.tree.CastExpression,0,24.0,0.00100866278747
edu.rice.cs.drjava.model.FindReplaceMachineTest.Runnable_0,0,12.0,0.00100199493918
edu.rice.cs.drjava.ui.config.BooleanOptionComponentTest,0,43.0,0.00097897056264
edu.rice.cs.drjava.model.debug.jpda.JPDADebugger,26,896.0,0.000940985956323
edu.rice.cs.drjava.model.debug.jpda.DebugTest,1,463.0,0.000909065460135
edu.rice.cs.drjava.config.OptionConstants,0,470.0,0.000899905475095
edu.rice.cs.javalanglevels.Bob.BobTest,0,164.0,0.00088702020674
edu.rice.cs.drjava.ui.config.ColorOptionComponentTest,0,44.0,0.000885270580824
edu.rice.cs.drjava.model.definitions.reducedmodel.IndentInfoTest,0,42.0,0.000882312207456
edu.rice.cs.dynamicjava.interpreter.TreeCompiler,0,715.0,0.000869233154185
koala.dynamicjava.tree.SimpleMethodCall,0,12.0,0.000812674416944
edu.rice.cs.plt.iter.IterUtil,52,832.0,0.000796710204757
edu.rice.cs.javalanglevels.ExpressionTypeChecker,0,784.0,0.000766259636668
koala.dynamicjava.tree.IntTypeName,0,11.0,0.000759733279475
koala.dynamicjava.tree.SuperFieldAccess,0,14.0,0.000710228696241
edu.rice.cs.drjava.model.definitions.reducedmodel.ReducedModelTest,9,791.0,0.00070585343733
edu.rice.cs.javalanglevels.ElementaryVisitor.ElementaryVisitorTest,0,329.0,0.000696234529774
koala.dynamicjava.tree.ClassInitializer,0,15.0,0.000662880116492
edu.rice.cs.javalanglevels.Augmentor,0,985.0,0.000615621982789
edu.rice.cs.drjava.model.definitions.IndentHelperTest,0,342.0,0.000596969836413
koala.dynamicjava.util.DisplayVisitor,0,1161.0,0.000572900775202
edu.rice.cs.drjava.ui.MainFrame.AbstractAction_74,0,4.0,0.000497295898165
edu.rice.cs.drjava.ui.JarOptionsDialog.AbstractAction,0,4.0,0.000497295898165
edu.rice.cs.drjava.ui.BrowserHistoryPanel.AbstractAction_4,0,4.0,0.000497295898165
edu.rice.cs.drjava.plugins.jedit.JEditPlugin.AbstractAction_0,0,4.0,0.000497295898165
edu.rice.cs.drjava.plugins.jedit.JEditPlugin.AbstractAction,0,4.0,0.000497295898165
koala.dynamicjava.tree.SubtractAssignExpression,0,12.0,0.000382633462924
koala.dynamicjava.tree.DivideExpression,0,12.0,0.000382633462924
koala.dynamicjava.tree.ShiftRightExpression,0,12.0,0.000382633462924
koala.dynamicjava.tree.NotEqualExpression,0,12.0,0.000382633462924
koala.dynamicjava.tree.BitOrAssignExpression,0,12.0,0.000382633462924
koala.dynamicjava.tree.ShiftLeftAssignExpression,0,12.0,0.000382633462924
koala.dynamicjava.tree.BitOrExpression,0,12.0,0.000382633462924
koala.dynamicjava.tree.AddExpression,0,12.0,0.000382633462924
koala.dynamicjava.tree.ShiftRightAssignExpression,0,12.0,0.000382633462924
koala.dynamicjava.tree.DivideAssignExpression,0,12.0,0.000382633462924
koala.dynamicjava.tree.GreaterOrEqualExpression,0,12.0,0.000382633462924
edu.rice.cs.drjava.ui.ClipboardHistoryFrame.AbstractAction,0,4.0,0.000334958235827
edu.rice.cs.drjava.ui.TabbedPanel.ActionListener,0,4.0,0.000334958235827
edu.rice.cs.util.swing.FontChooser.ComponentAdapter,0,4.0,0.000334958235827
