org.jppf.ui.actions.ShowHideColumnsAction.ActionListener_1,0,6.0,0.080146211701
org.jppf.ui.monitoring.node.actions.NodeConfigurationAction.AbstractAction_0,0,7.0,0.0736297300888
org.jppf.ui.monitoring.node.actions.ServerShutdownRestartAction.AbstractAction_0,0,7.0,0.0736297300888
org.jppf.example.webcrawler.CrawlerTask.IParserEventListener,0,7.0,0.0613559132581
org.jppf.ui.actions.ShowHideColumnsAction.AbstractAction_0,0,7.0,0.0585778379386
org.jppf.ui.monitoring.ConsoleLoader.Runnable_1,0,9.0,0.0497484812915
test.generic.TestScheduledExecutor.Runnable_1,0,11.0,0.0443236436156
org.jppf.ui.monitoring.node.actions.ProvisioningAction.AbstractAction,0,7.0,0.0434734106356
org.jppf.example.extendedclassloading.RepositoryImpl.FileFilter,0,7.0,0.038080870537
org.jppf.ui.monitoring.node.actions.NodeConfigurationAction.AbstractAction,0,8.0,0.0380392343061
org.jppf.ui.monitoring.data.ClientHandler.ShowIPListener,0,6.0,0.0325321964603
org.jppf.ui.monitoring.job.actions.UpdateMaxNodesAction.Runnable,1,13.0,0.0323661124716
org.jppf.client.AbstractJPPFClient.DescendingIntegerComparator,0,8.0,0.0323169509245
org.jppf.ui.monitoring.node.graph.GraphOption.Runnable,0,10.0,0.0303977627313
org.jppf.ui.monitoring.ConsoleLoader.Runnable,0,7.0,0.0298815252231
org.jppf.android.demo.FractalEventHandler.Runnable,0,7.0,0.0281636922534
org.jppf.management.forwarding.ForwardingNotificationManager.Runnable_0,0,13.0,0.0279851518862
org.jppf.ui.treetable.TreeTableModelAdapter.Runnable,0,8.0,0.0279729908342
org.jppf.client.balancer.queue.JPPFPriorityQueue.Runnable,0,12.0,0.0273824523534
sample.dist.tasklength.LongTaskRunner.Runnable,0,11.0,0.0269929654167
org.jppf.node.screensaver.impl.JPPFScreenSaverImpl.TimerTask,0,6.0,0.0262677114337
org.jppf.ui.monitoring.job.actions.AbstractSuspendJobAction.Runnable,0,18.0,0.0261889843449
test.org.jppf.client.TestJPPFClient.MyClient,0,6.0,0.0248396525608
org.jppf.server.node.fj.ThreadManagerForkJoin.FJThreadFactory.ForkJoinWorkerThread,0,11.0,0.0246165916152
org.jppf.server.scheduler.bundle.impl.ProportionalBundler,0,24.0,0.0245059751621
org.jppf.client.monitoring.jobs.DeferredJobNotificationsHandler.AbstractJobNotification,0,9.0,0.0233234830612
org.jppf.ui.monitoring.node.graph.GraphTopologyHandler.Runnable_1,0,10.0,0.0230343685086
org.jppf.ui.monitoring.charts.config.JPPFChartBuilder.Runnable,0,10.0,0.0226665782447
org.jppf.client.monitoring.AbstractRefreshHandler.TimerTask,0,6.0,0.0224284451981
org.jppf.android.activities.documents.AppStorageProvider.ParcelFileDescriptor.OnCloseListener,0,6.0,0.0222531371262
org.jppf.utils.compilation.BytecodeObject.ByteArrayOutputStream,0,9.0,0.0211252676943
org.jppf.server.nio.nodeserver.AbstractNodeContext.JMXWrapperListener,0,11.0,0.0191611962015
org.jppf.server.node.ThreadManagerThreadPool.UsedClassLoaderThread,0,14.0,0.0187034289441
test.job.priority.JobPriorityRunner.Runnable,0,16.0,0.0186412310713
org.jppf.example.fractals.AbstractRunner.Runnable,0,11.0,0.0185285342074
org.jppf.android.node.AndroidClassLoaderManager.Callable,0,7.0,0.0184673739954
org.jppf.serialization.SerializationReflectionHelper.ConstructorWithParameters,0,7.0,0.0181779485378
org.jppf.example.datadependency.simulation.Ticker,1,52.0,0.0181570195413
org.jppf.client.monitoring.jobs.AbstractJobNotificationsHandler,0,14.0,0.0180631577136
test.org.jppf.test.setup.BaseSetup.Thread,0,9.0,0.0178590565742
test.org.jppf.test.setup.GenericProcessLauncher.ProcessWrapperEventListener,0,10.0,0.0177996151999
org.jppf.example.pluggableview.MyView.ActionListener,0,10.0,0.0175182450653
org.jppf.example.jaligner.SequenceAlignmentRunner.Runnable,0,12.0,0.0172393337413
org.jppf.serialization.DefaultJavaSerialization.ObjectInputStream,0,8.0,0.0170605445541
org.jppf.server.ShutdownRestartTask.TimerTask,0,18.0,0.016919612336
org.jppf.example.aparapi.AparapiTask,0,46.0,0.0169034026144
org.jppf.example.datadependency.TradeUpdateTask,1,42.0,0.0157374843598
org.jppf.node.NodeRunner.ShutdownOrRestart.PrivilegedAction,1,13.0,0.0157342884824
org.jppf.server.nio.nodeserver.TaskQueueChecker.Runnable,0,12.0,0.0157227615729
org.jppf.server.node.fj.ThreadManagerForkJoin.ForkJoinPool,0,9.0,0.0156044134971
org.jppf.android.node.DefaultAndroidNodeIntegration.Runnable,0,10.0,0.0155117395966
org.jppf.client.monitoring.jobs.AbstractJobComponent,0,5.0,0.014356875878
org.jppf.android.node.DefaultAndroidNodeIntegration.Runnable_0,0,6.0,0.0139325010472
com.sun.jmx.remote.opt.internal.ArrayNotificationBufferAux,0,2.0,0.0138851077018
org.jppf.libmanagement.Downloader.URLToFiles,0,6.0,0.0138817873797
sample.test.jppfcallable.JPPFCallableRunner.MyJobListener,0,25.0,0.0136145304906
org.jppf.server.peer.PeerDiscoveryThread.ConnectionHandler,0,3.0,0.0132478358077
org.jppf.test.setup.Setup.Thread,0,7.0,0.0131059014508
org.jppf.example.fractals.moviegenerator.screensaver.FractalScreenSaver,0,6.0,0.0126848367034
com.sun.jmx.remote.generic.SelectProfiles,0,3.0,0.0125673669705
com.sun.jmx.remote.opt.internal.ArrayNotificationBuffer.PrivilegedExceptionAction,0,7.0,0.0125424628392
org.jppf.example.datadependency.MarketDataHandler.PopulateTask,0,17.0,0.0124695766221
org.jppf.node.screensaver.impl.JPPFScreenSaverImpl.LogoPaintTask,0,6.0,0.0124057999216
org.jppf.example.datadependency.MarketDataHandler,0,34.0,0.0118263885121
org.jppf.management.JPPFNodeAdmin.Runnable_0,1,6.0,0.011795511648
org.jppf.server.node.local.LocalClassLoaderManager.Callable,0,8.0,0.0114593909802
org.jppf.server.scheduler.bundle.impl.NodeSimulator.SimulatedProportionalBundler,0,19.0,0.0113309807475
com.sun.jmx.remote.socket.SocketConnection.ObjectInputStreamWithLoader,0,11.0,0.0113307003522
org.jppf.example.extendedclassloading.ClassPathHelper.FileFilter,0,6.0,0.0112245657363
test.org.jppf.utils.TestTypedProperties.TestConfigurationSourceReader,0,9.0,0.0111596672797
org.jppf.ui.options.RadioButtonOption.ActionListener,0,9.0,0.0108818147453
org.jppf.ui.monitoring.node.graph.GraphActionHandler.ItemListener,0,9.0,0.0108818147453
org.jppf.ui.options.ComboBoxOption.ActionListener,0,9.0,0.0108818147453
org.jppf.example.nbody.NBody,0,13.0,0.0108209288379
test.org.jppf.test.setup.BaseSetup.ConfigSource,0,14.0,0.0099139099594
org.jppf.example.nbody.NBodyRunner.WindowAdapter,0,6.0,0.00973184996453
org.jppf.example.datadependency.simulation.TickerListener,0,4.0,0.00970326989268
org.jppf.example.nbody.NBodyPanel.UpdateRequest,0,21.0,0.0094638576804
org.jppf.example.datadependency.simulation.AbstractDataFactory,0,38.0,0.00932058967701
org.jppf.example.fractals.mandelbrot.MandelbrotRunner,0,41.0,0.00926021837218
org.jppf.server.scheduler.bundle.BundlePerformanceSample,0,13.0,0.00925645529718
org.jppf.serialization.kryo.KryoSerialization.JPPFInstantiator,0,14.0,0.00918627814318
org.jppf.example.aparapi.AparapiTask.MyDeviceSelector,0,11.0,0.00913714067031
org.jppf.android.activities.FilechoserEditTextPreference,0,41.0,0.00908021226919
javax.management.remote.jmxmp.JMXMPConnector,0,41.0,0.00898857193446
sample.test.jppfcallable.JPPFCallableRunner.JobListenerAdapter,0,6.0,0.00873340621197
org.jppf.example.jaligner.WindowClosingListener,0,9.0,0.00862344528185
org.jppf.example.wordcount.JobProvider.MergeResultsTask,0,30.0,0.00840907400769
org.jppf.example.webcrawler.WebCrawlerRunner,0,86.0,0.00811692782308
org.jppf.ui.monitoring.node.actions.ToggleNodeActiveAction.Runnable,0,16.0,0.00811565425722
org.jppf.nio.NioServer.AcceptChannelTask,0,24.0,0.00790772738363
org.jppf.example.nodetray.NodeSystemTray.JMXNotificationListener,0,19.0,0.0078913121056
org.jppf.ui.monitoring.node.graph.GraphOption.ToStringLabeller,0,6.0,0.00784722194919
org.jppf.server.scheduler.bundle.impl.AbstractAutoTunedBundler,0,99.0,0.00772833096536
org.jppf.server.queue.JPPFPriorityQueue.Callable,1,6.0,0.00768382300546
org.jppf.server.scheduler.bundle.proportional.ProportionalTuneProfile,0,95.0,0.00759807034491
org.jppf.client.monitoring.AbstractComponent,0,53.0,0.00754590579683
com.sun.jmx.remote.opt.util.ThreadService,0,62.0,0.0075405535177
org.jppf.example.webcrawler.CrawlerTask,0,76.0,0.00716472518396
org.jppf.serialization.SerializationReflectionHelper.ConstructorComparator,0,10.0,0.00703247255198
javax.management.remote.generic.GenericClientCommunicatorAdmin,0,52.0,0.00695817719909
org.jppf.server.scheduler.bundle.nodethreads.AbstractNodeThreadsLoadBalancer,0,49.0,0.00694954047402
org.jppf.server.scheduler.bundle.AbstractBundler,0,45.0,0.00672710253869
com.sun.jmx.remote.protocol.jmxmp.ServerProvider,0,7.0,0.00630505854008
org.jppf.client.AbstractGenericClient.JPPFMulticastReceiverThread.ConnectionHandler,0,17.0,0.00616979414136
org.jppf.android.AndroidHelper,0,121.0,0.00613407630899
test.org.jppf.client.TestJPPFClient.Runnable,0,6.0,0.00612432956792
org.jppf.ui.monitoring.node.NodeDataPanel.ShowIPListener,0,6.0,0.00612432956792
org.jppf.client.balancer.ChannelWrapperLocal.LocalRunnable,0,30.0,0.00612344147112
org.jppf.server.node.AbstractNodeIO.ObjectSerializationTask,0,29.0,0.00611225955119
org.jppf.example.extendedclassloading.clientlib2.MyClientDynamicClass2,0,7.0,0.0060868352286
com.sun.jmx.remote.opt.security.SASLClientHandler.UserPasswordCallbackHandler,0,33.0,0.00602607973499
com.sun.jmx.remote.opt.internal.ListenerInfo,0,50.0,0.00584195686847
com.sun.jmx.remote.opt.util.CacheMap,0,38.0,0.00580036585189
org.jppf.android.node.DefaultAndroidNodeIntegration,0,42.0,0.00578587348475
com.sun.jmx.remote.profile.tls.ServerProvider,0,6.0,0.0056879777102
com.sun.jmx.remote.profile.sasl.ClientProvider,0,6.0,0.0056879777102
org.jppf.utils.NetworkUtils.InetAddressFilter_3,0,3.0,0.00542953734388
org.jppf.server.scheduler.bundle.impl.AutoTunedBundler,0,103.0,0.0053902533311
org.jppf.android.activities.SettingsActivity,0,11.0,0.0053595470903
org.jppf.client.monitoring.jobs.Job,0,36.0,0.00535590151176
com.sun.jmx.remote.opt.util.Service.LazyIterator,0,50.0,0.00532673244757
org.jppf.example.datadependency.SnapshotBasedTradeUpdater.ProcessSnapshotTask,0,18.0,0.00528922110098
org.jppf.client.AbstractJPPFJob.ConcurrentUtils.Condition,0,5.0,0.00517795657986
org.jppf.example.fractals.lyapunov.LyapunovRunner,0,78.0,0.00506811533867
org.jppf.server.node.local.JPPFLocalContainer.ObjectDeserializationTask,0,31.0,0.00503419858003
org.jppf.example.datadependency.simulation.UniformDataFactory,0,11.0,0.00503289006597
org.jppf.utils.stats.JPPFStatistics.Filter,0,4.0,0.00498149838661
com.sun.jmx.remote.generic.ServerSynchroMessageConnectionImpl.MessageReader,0,49.0,0.00492920138251
javax.management.remote.message.NotificationResponseMessage,0,11.0,0.00492694056214
org.jppf.example.datadependency.AbstractTradeUpdater.SubmissionTask,0,63.0,0.00486504831522
javax.management.remote.message.VersionMessage,0,10.0,0.00472100029346
org.jppf.android.demo.FractalSurfaceView.ViewThread,0,30.0,0.00458041801812
org.jppf.android.AndroidNodeConnectionStrategy,0,51.0,0.00439554590184
javax.management.remote.generic.MessageConnection,0,7.0,0.00436512724857
org.jppf.example.datadependency.StatsCollector,0,57.0,0.00431725961391
org.jppf.example.datadependency.simulation.GaussianDataFactory,0,16.0,0.00430284420296
com.sun.jmx.remote.opt.internal.Unmarshal,0,3.0,0.00413887190567
com.sun.jmx.remote.opt.internal.ClientCommunicatorAdmin,0,90.0,0.00399475897628
org.jppf.server.node.fj.ThreadManagerForkJoin,0,69.0,0.00394407586798
sample.test.NonSerializableInterface,0,4.0,0.00393686546044
org.jppf.example.extendedclassloading.client.MyRunner,0,54.0,0.00391600572028
org.jppf.server.protocol.JPPFTaskBundle,0,172.0,0.00385749702192
org.jppf.server.protocol.AbstractCommonSLA,0,51.0,0.00360834862584
javax.management.remote.generic.AbstractServerIntermediary.PrivilegedAction,0,5.0,0.00353785953625
org.jppf.example.tomcat.LongTask,0,48.0,0.00342715132342
org.jppf.example.startup.driver.TestDriverStartup,0,8.0,0.0033587181745
org.jppf.serialization.XstreamObjectStreamBuilder,0,53.0,0.00334776312806
org.jppf.android.PreferenceUtils,0,29.0,0.00332715555155
org.jppf.example.ftp.service.CommandLineExt,0,13.0,0.00330730409239
org.jppf.example.extendedclassloading.ClassPathImpl,0,101.0,0.00322699011847
org.jppf.client.monitoring.jobs.ImmediateJobNotificationsHandler,0,33.0,0.0031619594323
javax.management.remote.generic.GenericConnectorServer.Receiver,0,44.0,0.00315160637234
com.sun.jmx.remote.opt.security.AdminClient,0,153.0,0.00312633721532
org.jppf.example.aparapi.SquareMatrix,0,73.0,0.00309774934796
org.jppf.android.node.DelegatingNodeEventHandler,0,106.0,0.00308008213841
org.jppf.example.webcrawler.JPPFMethodExceptionHandler,0,13.0,0.00305479355248
org.jppf.example.fractals.lyapunov.LyapunovTask,0,47.0,0.00292993168891
com.sun.jmx.remote.opt.security.MBeanServerFileAccessController,0,75.0,0.00292968960247
org.jppf.serialization.kryo.KryoSerialization,0,43.0,0.002883671545
org.jppf.server.NodeInformationHandler,0,84.0,0.00286993632641
org.jppf.utils.SystemUtils.PrivilegedAction,0,8.0,0.00282692575696
org.jppf.ui.treetable.JTreeTable.ListToTreeSelectionModelWrapper.ListSelectionHandler,1,6.0,0.00282192225321
javax.management.remote.generic.AbstractClientIntermediary,0,132.0,0.00276926437793
org.jppf.server.scheduler.bundle.rl.AbstractRLBundler,0,115.0,0.00270884856901
sample.datasize.MyCallable,0,13.0,0.002581572137
org.jppf.example.wordcount.DataReader,0,46.0,0.00248033636197
org.jppf.example.fractals.mandelbrot.MandelbrotTask,1,65.0,0.00245429141301
com.sun.jmx.remote.opt.security.JMXPasswordAuthenticator,0,64.0,0.00244908861694
javax.management.remote.generic.GenericConnector,0,193.0,0.002407657397
sample.test.AnonymousInnerClassTask.Runnable,0,7.0,0.00230644664939
org.jppf.jca.spi.JPPFResourceAdapter,0,37.0,0.00228989967849
com.sun.jmx.remote.opt.security.SASLInputStream,0,114.0,0.00228130231548
org.jppf.example.adaptivegrid.MyQueueListener,0,58.0,0.00226289774754
org.jppf.utils.JPPFThreadFactory.PrivilegedAction,0,6.0,0.00224998756828
com.sun.jmx.remote.generic.ProfileClientFactory.PrivilegedAction,0,6.0,0.00224998756828
com.sun.jmx.remote.generic.ProfileServerFactory.PrivilegedAction,0,6.0,0.00224998756828
org.jppf.server.nio.nodeserver.NodeNioServer.Callable,0,6.0,0.00223756407284
org.jppf.example.driver.test.AvailableProcessorsMBeanTest,0,10.0,0.00219582442375
org.jppf.example.loadbalancer.client.CustomLoadBalancerTask,0,24.0,0.00219297638398
org.jppf.server.scheduler.bundle.rl.RLProfile,0,56.0,0.00219146801135
org.jppf.example.mbean.AvailableProcessorsMBean,0,4.0,0.00212635131504
org.jppf.utils.ThumbnailGenerator,0,136.0,0.00199024007708
org.jppf.example.ftp.runner.FTPRunner,0,51.0,0.00195911053176
com.sun.jmx.remote.socket.SocketConnection,0,195.0,0.00184046237943
org.jppf.server.scheduler.bundle.nodethreads.NodeThreadsProfile,0,27.0,0.0018219520444
org.jppf.example.jobrecovery.Runner,0,68.0,0.00176808053708
org.jppf.server.submission.SubmissionStatusHandler,0,5.0,0.00172318097672
com.sun.jmx.remote.generic.ServerAdmin,0,5.0,0.00169585536116
org.jppf.example.nodelifecycle.client.CreateDB,0,21.0,0.00169060351849
org.jppf.example.ftp.runner.FTPTask,0,37.0,0.00163843926768
javax.management.remote.message.TLSMessage,0,16.0,0.00158951603105
org.jppf.example.fractals.FractalPoint,0,23.0,0.00158513314504
org.jppf.example.common.FractalPoint,0,23.0,0.00158513314504
com.sun.jmx.remote.opt.internal.ClientNotifForwarder.NotifFetcher,1,133.0,0.00149180359667
org.jppf.ui.monitoring.job.AccumulatorHelper.MyTimerTask.Runnable,0,5.0,0.00138028806067
org.jppf.example.webcrawler.WebCrawlerRunner.Runnable_0,0,8.0,0.00136237977829
org.jppf.example.datadependency.model.MarketData,0,20.0,0.00133496092098
org.jppf.utils.NetworkUtils.InetAddressFilter,0,6.0,0.00132625379597
org.jppf.utils.compilation.CharSequenceSource,0,14.0,0.00130031429975
org.jppf.serialization.JPPFConfigurationObjectStreamBuilder,0,38.0,0.00115173434076
javax.management.remote.message.NotificationRequestMessage,0,21.0,0.00114594700185
org.jppf.example.jaligner.DatabaseHandler,0,103.0,0.00112884781889
org.jppf.server.scheduler.bundle.providers.RLBundlerProvider,0,18.0,0.00112347665407
com.sun.jmx.remote.opt.security.MBeanServerAccessController,0,241.0,0.00111432807752
org.jppf.node.provisioning.SlaveNodeManager.Condition,0,5.0,0.00106934316989
org.jppf.server.nio.nodeserver.NodeNioServer.Runnable,0,6.0,0.000995488308653
org.jppf.example.jaligner.SequenceAlignmentRunner.Runnable_0,0,6.0,0.000995488308653
org.jppf.example.concurrentjobs.ConcurrentJobs,0,117.0,0.000985661084718
org.jppf.serialization.GenericObjectStreamBuilder,0,13.0,0.000981479886235
org.jppf.server.nio.acceptor.AcceptorState,0,5.0,0.00094457812835
org.jppf.server.protocol.ClassPathElementImpl,0,38.0,0.000919100566697
com.sun.jmx.remote.opt.internal.ClientListenerInfo,0,14.0,0.000853422917695
com.sun.jmx.remote.generic.ProfileProviderException,0,17.0,0.000846168869266
org.jppf.client.monitoring.jobs.JobMonitoringEvent.Type,0,9.0,0.000840197937787
org.jppf.android.KeyStoreUriSource,0,12.0,0.000781787880669
org.jppf.ui.actions.ShowHideColumnsAction.AbstractAction,0,5.0,0.000778047164308
org.jppf.node.screensaver.impl.SimpleScreenSaver.TimerTask,0,6.0,0.00075341465373
javax.management.remote.message.HandshakeBeginMessage,0,15.0,0.000709194339913
com.sun.jmx.remote.generic.ObjectWrappingImpl,0,17.0,0.000687506786304
org.jppf.ui.options.FileChooserOption.ActionListener,0,6.0,0.000648372636924
org.jppf.example.fj.FibonacciResult,0,24.0,0.000614439976627
com.sun.jmx.remote.opt.internal.ServerNotifForwarder.PrivilegedExceptionAction,0,6.0,0.000536449992472
org.jppf.example.fractals.moviegenerator.LinearStepVector,0,19.0,0.000507044874779
com.sun.jmx.remote.opt.internal.NotificationBuffer,0,4.0,0.000480875952916
test.org.jppf.utils.TestTypedProperties,0,274.0,0.000434143016756
org.jppf.utils.compilation.BytecodeObject,0,20.0,0.000412005112525
javax.management.remote.generic.MessageConnectionServer,0,6.0,0.000374928080685
org.jppf.example.datadependency.simulation.TickerEvent,0,11.0,0.00037219639547
javax.management.remote.message.MBeanServerResponseMessage,0,20.0,0.000209384932424
org.jppf.example.mbean.driver.spi.AvailableProcessorsMBeanProvider,0,18.0,0.000161620368009
org.jppf.example.loadbalancer.server.CustomLoadBalancerProvider,0,18.0,0.000161620368009
javax.management.remote.message.HandshakeEndMessage,0,15.0,0.000160132290851
org.jppf.utils.ThreadSynchronization,0,30.0,3.66518694921e-05
org.jppf.client.JPPFJob,0,170.0,3.0386280036e-05
org.jppf.ui.options.AbstractOption,1,83.0,2.85447971519e-05
org.jppf.serialization.JPPFSerialization,0,7.0,2.11156380717e-05
org.jppf.server.node.NodeExecutionManager,1,53.0,1.99666157158e-05
org.jppf.server.nio.classloader.node.NodeClassServerState,0,16.0,1.86280218802e-05
org.jppf.server.nio.classloader.client.SendingPeerChannelIdentifierState,0,43.0,1.75241030888e-05
org.jppf.ui.monitoring.job.actions.AbstractJobAction,0,25.0,1.67179472338e-05
org.jppf.logging.jmx.JmxLogger,0,5.0,1.67129863275e-05
org.jppf.server.nio.acceptor.AcceptorContext,0,31.0,1.54449309734e-05
org.jppf.server.nio.nodeserver.SendingBundleState,0,53.0,1.43876449007e-05
org.jppf.server.nio.classloader.client.WaitingPeerInitiationResponseState,1,21.0,1.43188098065e-05
org.jppf.server.node.AbstractCommonNode,0,63.0,1.41942253795e-05
org.jppf.ui.monitoring.diagnostics.JVMHealthPanel,2,151.0,1.4154652794e-05
org.jppf.ui.monitoring.node.actions.SystemInformationAction,1,90.0,1.39600794575e-05
org.jppf.utils.TypedProperties,0,168.0,1.39586027298e-05
org.jppf.ui.monitoring.job.AccumulatorHelper.AccumulatorJob,0,5.0,1.36193055823e-05
org.jppf.ui.monitoring.node.actions.NodeThreadsAction,1,54.0,1.33364906719e-05
org.jppf.serialization.ObjectSerializer,0,10.0,1.32489874237e-05
org.jppf.io.IOHelper,1,179.0,1.29413229634e-05
org.jppf.server.nio.nodeserver.LocalNodeContext,1,52.0,1.27672042722e-05
org.jppf.test.scenario.ScenarioConfiguration,0,17.0,1.24057982094e-05
org.jppf.ui.monitoring.job.JobDataPanel,1,260.0,1.19428134154e-05
org.jppf.classloader.AbstractClassLoaderConnection,0,83.0,1.15224032871e-05
org.jppf.client.AbstractGenericClient,4,225.0,1.14950077997e-05
org.jppf.server.nio.classloader.node.WaitingInitialNodeRequestState,0,29.0,1.14603476307e-05
sample.test.redirect.ConsoleOutputRedirector.ThreadLocalOutputStream,0,14.0,1.13937506432e-05
org.jppf.ui.actions.AbstractUpdatableAction,0,48.0,1.13281298061e-05
org.jppf.ui.monitoring.node.AbstractTopologyMouseListener,0,47.0,1.12264244012e-05
org.jppf.classloader.RemoteClassLoaderConnection,1,89.0,1.11820146952e-05
org.jppf.server.nio.classloader.client.WaitingProviderInitialRequestState,1,25.0,1.10452021329e-05
org.jppf.test.scenario.nodesmix.NodeMixRunner.JobSubmitter,0,8.0,1.10328757667e-05
org.jppf.ui.monitoring.diagnostics.HeapDumpAction,1,19.0,1.09744264254e-05
org.jppf.ui.monitoring.diagnostics.GCAction,1,19.0,1.09744264254e-05
org.jppf.server.nio.classloader.node.SendingNodeResponseState,0,22.0,1.09697570881e-05
org.jppf.node.event.DefaultLifeCycleErrorHandler,1,25.0,1.08099491904e-05
org.jppf.server.job.JPPFJobManager,1,164.0,1.0809051475e-05
org.jppf.client.AbstractJPPFClientConnection,2,134.0,1.0759861225e-05
org.jppf.client.monitoring.topology.AbstractTopologyComponent,0,30.0,1.06473919163e-05
org.jppf.client.concurrent.JPPFTaskFuture,0,63.0,1.06141860363e-05
org.jppf.ui.monitoring.node.graph.GraphOption,0,148.0,1.06085780881e-05
org.jppf.server.nio.classloader.client.SendingPeerInitiationRequestState,0,20.0,1.05570717883e-05
org.jppf.ui.treetable.TreeTableModel,0,10.0,1.05533057224e-05
sample.dist.tasklength.LongTask,0,44.0,1.05058477982e-05
org.jppf.utils.JPPFThreadFactory.ExceptionHandler,0,6.0,1.04825896914e-05
org.jppf.ui.monitoring.job.actions.UpdateMaxNodesAction,0,50.0,1.03229817217e-05
org.jppf.ui.monitoring.diagnostics.ThresholdSettingsAction,0,71.0,1.03080826717e-05
org.jppf.utils.compilation.SourceCompiler,0,71.0,1.03075028558e-05
org.jppf.server.node.AbstractNodeIO,1,86.0,9.98533863714e-06
org.jppf.server.node.remote.RemoteNodeIO,1,92.0,9.91263446011e-06
org.jppf.client.balancer.queue.TaskQueueChecker,4,165.0,9.829773733e-06
test.jmx.JmxLogging.MyTask,0,7.0,9.60098401768e-06
org.jppf.server.nio.nodeserver.JMXInitializationHandler.JMXInitializationTask,0,10.0,9.59891887101e-06
org.jppf.node.idle.IdleDetectionTask,0,86.0,9.44565763956e-06
sample.test.jppfcallable.MyTask,1,28.0,9.22503151877e-06
org.jppf.server.protocol.ServerJob,0,202.0,9.09035793042e-06
org.jppf.client.taskwrapper.JPPFAnnotatedTask,0,68.0,8.88213966856e-06
org.jppf.client.concurrent.JobConfiguration,0,13.0,8.7562659541e-06
org.jppf.server.peer.PeerNodeResultSender,0,47.0,8.62165638827e-06
org.jppf.node.event.JobClassPathHandler,1,45.0,8.56997402301e-06
org.jppf.server.nio.client.SendingHandshakeResultsState,0,29.0,8.55006774513e-06
org.jppf.server.job.JobManager,0,8.0,8.52546780574e-06
org.jppf.scheduling.JPPFScheduleHandler,0,64.0,8.50359776848e-06
org.jppf.node.policy.ScriptedPolicy,1,81.0,8.44378593976e-06
org.jppf.utils.RegexUtils,0,10.0,8.43732448943e-06
org.jppf.ui.monitoring.node.actions.ToggleNodeActiveAction,1,21.0,8.37766190326e-06
org.jppf.server.nio.client.SendingResultsState,0,41.0,8.08777474458e-06
org.jppf.ui.monitoring.data.StatsExporter,0,6.0,7.87457731396e-06
org.jppf.nio.ChannelSelectorThread,0,40.0,7.85083395725e-06
org.jppf.server.nio.classloader.client.ClientClassContext,0,168.0,7.77774295081e-06
org.jppf.server.nio.nodeserver.JMXInitializationHandler,0,6.0,7.76873658961e-06
org.jppf.classloader.LocalClassLoaderChannel,0,7.0,7.69014135079e-06
org.jppf.ui.treetable.AbstractJPPFTreeTableModel,0,47.0,7.68360659366e-06
test.org.jppf.test.setup.common.BaseTestHelper,0,64.0,7.68359519621e-06
org.jppf.server.protocol.AbstractServerJobBase,0,143.0,7.57217110619e-06
org.jppf.ui.monitoring.data.ConnectionFailedTask,0,41.0,7.56761635891e-06
test.ipprobe.Probe,0,23.0,7.49854509971e-06
org.jppf.server.nio.client.ClientNioServer,1,93.0,7.46921015959e-06
org.jppf.server.DriverInitializer,0,183.0,7.38648732127e-06
org.jppf.ui.monitoring.job.JobData,1,101.0,7.31708039103e-06
org.jppf.server.nio.nodeserver.NodeNioServer,0,267.0,7.27190073614e-06
org.jppf.server.nio.classloader.node.WaitingNodeRequestState,1,122.0,7.21749066031e-06
org.jppf.client.AbstractClientConnectionHandler,0,89.0,7.15820628997e-06
org.jppf.scheduling.JPPFSchedule,0,72.0,7.15733681922e-06
org.jppf.jca.cci.JPPFConnectionFactory,0,46.0,7.06705205895e-06
org.jppf.utils.JPPFDefaultUncaughtExceptionHandler,0,11.0,7.06183071821e-06
org.jppf.server.nio.client.IdleState,0,19.0,7.05775072704e-06
org.jppf.server.nio.classloader.LocalClassContext,0,32.0,7.05765882617e-06
org.jppf.nio.StateTransitionManager,1,129.0,6.97429152103e-06
org.jppf.server.nio.nodeserver.SendInitialBundleState,1,31.0,6.90320063624e-06
sample.test.NonSerializableAttributeTask,0,10.0,6.87771608045e-06
org.jppf.nio.NioServerFactory,0,43.0,6.83989396148e-06
org.jppf.management.forwarding.JPPFNodeForwardingMBean,0,25.0,6.83346393902e-06
org.jppf.ui.options.docking.DockingManager,0,122.0,6.70536061075e-06
org.jppf.node.policy.Equal,0,71.0,6.67780753178e-06
org.jppf.ui.options.docking.AbstractDockingAction,0,20.0,6.61201121506e-06
org.jppf.server.nio.nodeserver.AbstractNodeContext,1,311.0,6.54375655561e-06
org.jppf.ui.actions.ShowHideColumnsAction,0,56.0,6.44646789723e-06
org.jppf.test.scenario.AbstractScenarioRunner,0,29.0,6.41698413563e-06
sample.test.deadlock.MasterNodeMonitoringThread,0,47.0,6.34154717174e-06
org.jppf.utils.PropertiesCollection,0,6.0,6.22428245628e-06
org.jppf.utils.pooling.DirectBufferPool,0,14.0,6.21040296739e-06
org.jppf.server.nio.classloader.node.NodeClassNioServer,1,114.0,6.17183781303e-06
org.jppf.ui.options.event.ScriptedValueChangeListener,1,46.0,6.14204592698e-06
test.org.jppf.node.policy.TestExecutionPolicy.TestCustomPolicy,0,6.0,5.93498420379e-06
org.jppf.ui.options.event.ValueChangeListener,0,4.0,5.80936362576e-06
org.jppf.startup.JPPFNodeStartupSPI,0,3.0,5.79906462041e-06
org.jppf.ui.actions.EditorMouseListener.ClipboardAction,0,15.0,5.79249642261e-06
org.jppf.test.setup.RestartableProcessLauncher,1,84.0,5.76368331877e-06
org.jppf.ui.options.event.ScriptedMouseListener,0,78.0,5.66149913421e-06
test.org.jppf.server.protocol.TestJPPFJobSLA3.MyTask,0,6.0,5.59048405301e-06
org.jppf.ui.options.xml.OptionDescriptor,0,14.0,5.39505330559e-06
org.jppf.utils.stats.JPPFStatisticsHelper,0,52.0,5.34528647911e-06
test.org.jppf.node.policy.TestPreferencePolicy,0,109.0,5.28246090897e-06
test.org.jppf.test.runner.ResultHolder,0,114.0,5.27964120655e-06
org.jppf.test.scenario.Scenario.DiagnosticsGrabber,0,14.0,5.25355142493e-06
org.jppf.ui.monitoring.event.StatsHandlerListener,0,4.0,5.23852018035e-06
org.jppf.ui.utils.JPPFSplash,0,41.0,5.23613918996e-06
org.jppf.ui.options.SplitPaneOption,0,94.0,5.17051344036e-06
org.jppf.jca.cci.JPPFConnectionImpl,1,113.0,5.16466440957e-06
org.jppf.client.monitoring.topology.JVMHealthRefreshHandler,0,57.0,5.11902640873e-06
test.driver.restart.TestDriverRestart.KillDriverTask,0,10.0,5.09259061608e-06
org.jppf.utils.streams.MultipleBuffersOutputStream,1,98.0,5.09039069343e-06
org.jppf.ui.monitoring.ConsoleLauncher.MainFrameObserver,0,27.0,4.98876187667e-06
org.jppf.utils.JPPFThreadFactory,0,73.0,4.94177285576e-06
org.jppf.ui.monitoring.data.StatusBarHandler,1,51.0,4.87144599586e-06
org.jppf.ui.monitoring.node.actions.ServerShutdownRestartAction,1,67.0,4.73593552491e-06
test.socket.SocketPerformance.Connection,0,35.0,4.72954154541e-06
org.jppf.node.NodeRunner.ShutdownOrRestart,0,11.0,4.68808201596e-06
org.jppf.utils.JPPFBuffer,0,52.0,4.62207546332e-06
org.jppf.server.nio.nodeserver.TaskQueueChecker,1,216.0,4.57390730673e-06
org.jppf.nio.SSLNioObject,0,91.0,4.49245631965e-06
test.serialization.NonSerializableTask.NonSerializableClass,0,3.0,4.47106677776e-06
org.jppf.server.queue.JobExpirationAction,0,26.0,4.46400433081e-06
test.org.jppf.management.TestJPPFNodeTaskMonitorMBean.ErrorLifeCycleTask,0,21.0,4.44263056856e-06
org.jppf.client.ClassServerDelegateImpl,1,65.0,4.41301640256e-06
org.jppf.ui.options.TabbedPaneOption,0,41.0,4.40008157296e-06
org.jppf.ui.monitoring.charts.Pie3DChartHandler,0,45.0,4.29486868738e-06
org.jppf.process.ProcessWrapper,0,37.0,4.27366089515e-06
org.jppf.utils.stats.JPPFSnapshot.LabelBasedFilter,0,21.0,4.26216257463e-06
org.jppf.client.AbstractJPPFClient,2,216.0,4.19686460089e-06
org.jppf.jca.work.JcaJobManager,1,23.0,4.18124944238e-06
org.jppf.ui.options.JavaOption.JavaOptionMouseListener,0,12.0,4.12547234329e-06
org.jppf.ui.options.OptionProperties,0,24.0,3.91451810805e-06
org.jppf.client.JPPFResultCollector,2,67.0,3.88079304523e-06
org.jppf.management.JPPFNodeTaskMonitor,1,74.0,3.79058501162e-06
sample.helloworld.HelloWorld,0,10.0,3.76494408413e-06
org.jppf.node.event.NodeLifeCycleEvent,0,65.0,3.74320436413e-06
org.jppf.classloader.ClassLoaderRequestHandler,1,46.0,3.74269141386e-06
org.jppf.ui.monitoring.node.graph.GraphTopologyHandler.NodeAdded,0,28.0,3.71484982705e-06
sample.dist.matrix.MatrixTask,0,38.0,3.70166025849e-06
org.jppf.io.InputSource,0,7.0,3.66446111411e-06
org.jppf.utils.stats.JPPFSnapshot.LabelIncludingFilter,0,11.0,3.65351232848e-06
org.jppf.startup.JPPFDriverStartupSPI,0,3.0,3.6527637599e-06
org.jppf.client.ConnectionInitializer,1,16.0,3.60732415633e-06
test.org.jppf.test.setup.common.TaskResult,0,11.0,3.58854746124e-06
org.jppf.ui.monitoring.node.actions.ServerStatisticsResetAction,0,34.0,3.55662975225e-06
org.jppf.node.policy.PolicyParser,0,127.0,3.53782785226e-06
org.jppf.management.forwarding.ForwardingNotificationDispatcher.ForwardingNotificationHandler,0,14.0,3.52775127135e-06
test.job.priority.JobPriorityRunner.JobRunner,0,31.0,3.49600624151e-06
sample.helloworld.HelloWorldAnnotatedStatic,0,11.0,3.43051609665e-06
sample.test.JPPFTestTask,0,67.0,3.36657864711e-06
org.jppf.management.NodeSelector.ExecutionPolicySelector,0,13.0,3.32517211859e-06
org.jppf.ui.monitoring.node.graph.SelectGraphNodesAction,0,14.0,3.23513642056e-06
org.jppf.ui.options.TextOption,0,53.0,3.1957626783e-06
test.org.jppf.server.protocol.TestJPPFTask.ResubmittingTask,0,19.0,3.15928276268e-06
test.org.jppf.test.setup.GenericProcessLauncher,1,205.0,3.14681801535e-06
org.jppf.client.concurrent.TaskConfiguration,0,9.0,3.08053675728e-06
org.jppf.node.policy.ExecutionPolicy.LogicalRule,0,19.0,3.05789457951e-06
test.org.jppf.test.setup.common.NotSerializableObject,0,4.0,3.05101168409e-06
org.jppf.ui.options.xml.OptionDescriptor.ItemDescriptor,0,6.0,3.05018966706e-06
org.jppf.ui.options.AbstractOptionElement,0,120.0,3.00070342228e-06
org.jppf.JPPFNodeReconnectionNotification,0,10.0,2.97967161173e-06
org.jppf.nio.AbstractNioObject,1,29.0,2.97819043898e-06
sample.dist.commandline.TestTask,0,43.0,2.93460594081e-06
sample.dist.matrix.MatrixRunner,0,134.0,2.91731301181e-06
org.jppf.utils.collections.AbstractCollectionHashtable,0,24.0,2.91145651771e-06
org.jppf.ui.options.TextAreaOption.EditorMouseListener,0,18.0,2.9105877209e-06
org.jppf.utils.ReflectionHelper,0,155.0,2.88853351351e-06
org.jppf.ui.monitoring.charts.StackedBarSeries3DChartHandler,0,5.0,2.88115585881e-06
test.org.jppf.utils.stats.TestJPPFStatistics.CustomTask,0,10.0,2.82034371541e-06
org.jppf.serialization.DefaultJavaSerialization,0,13.0,2.80574412296e-06
org.jppf.server.protocol.ServerTask,1,98.0,2.79469251404e-06
org.jppf.server.protocol.SendResultsStrategy.SendNodeResultsStrategy,0,10.0,2.77374354548e-06
org.jppf.client.balancer.queue.JobScheduleAction,0,24.0,2.75610539579e-06
org.jppf.ui.monitoring.node.graph.GraphActionHandler,0,16.0,2.74788602328e-06
org.jppf.utils.ObjectSerializerImpl,0,63.0,2.73360332017e-06
org.jppf.client.JPPFContextClient,0,14.0,2.71292197387e-06
org.jppf.node.screensaver.NodeIntegrationAdapter,1,11.0,2.69882082822e-06
test.calendar.CalendarSerialization,0,27.0,2.69361304066e-06
org.jppf.ui.monitoring.job.JobDataPanelManager,1,185.0,2.6925970607e-06
org.jppf.utils.PropertiesTableFormat,0,64.0,2.67898166894e-06
org.jppf.node.event.NodeLifeCycleErrorHandler,0,4.0,2.67465170051e-06
org.jppf.server.JPPFContextDriver,0,14.0,2.67350942508e-06
org.jppf.node.idle.IdleTimeDetector,0,4.0,2.67077494424e-06
org.jppf.io.MultipleBuffersLocation,1,225.0,2.66076272566e-06
org.jppf.ui.monitoring.node.graph.ToggleModeAction,0,21.0,2.65623806859e-06
org.jppf.ui.monitoring.charts.AreaChartHandler.CategorySeriesLabelGeneratorInvocationHandler,0,7.0,2.63839326323e-06
org.jppf.serialization.DeserializationCaches,0,81.0,2.62686455021e-06
test.driver.restart.TestDriverRestart,0,64.0,2.60151281971e-06
org.jppf.node.policy.ExecutionPolicy.NotRule,0,26.0,2.59732634826e-06
test.jmx.TestJMX,0,75.0,2.55639457701e-06
org.jppf.ui.monitoring.charts.PlotXYChartHandler.LegendLabelGeneratorInvocationHandler,0,9.0,2.51904614696e-06
org.jppf.ui.monitoring.event.StatsHandlerEvent,0,10.0,2.50771046347e-06
org.jppf.ui.monitoring.charts.MeterChartHandler,0,64.0,2.50541442266e-06
org.jppf.ui.options.xml.OptionElementFactory,0,268.0,2.48342986812e-06
org.jppf.ui.monitoring.job.JobTreeTableModel,0,83.0,2.47543879361e-06
org.jppf.jca.spi.JPPFManagedConnection,0,87.0,2.44941687779e-06
sample.helloworld.HelloWorldPojoStatic,0,10.0,2.43059047849e-06
org.jppf.ui.monitoring.node.NodeTableCellRenderer,0,47.0,2.41424022889e-06
org.jppf.node.policy.ExecutionPolicy.AndRule,0,21.0,2.37746446137e-06
org.jppf.node.policy.ExecutionPolicy.XorRule,0,22.0,2.37730086782e-06
org.jppf.ui.monitoring.data.TextStatsExporter,0,64.0,2.34895600696e-06
org.jppf.node.screensaver.DelegatingNodeListener,1,47.0,2.33896657384e-06
org.jppf.server.node.AbstractNodeConnectionChecker,0,21.0,2.30694400849e-06
org.jppf.ui.options.JavaOption,0,56.0,2.30635529615e-06
org.jppf.io.FileDataLocation,0,247.0,2.28620758534e-06
org.jppf.server.queue.JPPFPriorityQueue,2,339.0,2.28496797828e-06
test.generic.LotsOfOutputTask,0,18.0,2.2746274724e-06
org.jppf.ui.monitoring.node.graph.SelectGraphDriversAction,0,18.0,2.25960140966e-06
sample.test.jppfcallable.MyLoggingHandler,0,61.0,2.25571982197e-06
sample.test.TestAnnotatedTask,0,11.0,2.2455238003e-06
test.org.jppf.management.forwarding.AbstractTestJPPFNodeForwardingMBean,0,87.0,2.19677188981e-06
org.jppf.node.initialization.OutputRedirectHook,0,28.0,2.1800823642e-06
org.jppf.job.JobInformation,0,106.0,2.15594469251e-06
org.jppf.client.balancer.queue.JPPFPriorityQueue,8,253.0,2.14128516756e-06
test.filecopy.FileCopyAction,0,86.0,2.10876276442e-06
sample.helloworld.HelloWorldCallable,0,11.0,2.10763117849e-06
org.jppf.server.debug.ServerDebugMBean,1,18.0,2.07113453234e-06
sample.test.ExecutionReport,0,7.0,2.05745058821e-06
org.jppf.utils.SystemUtils,4,237.0,2.0376879423e-06
org.jppf.server.nio.nodeserver.NodeContextFuture,0,23.0,2.01450800532e-06
org.jppf.node.screensaver.ScreenSaverMain,0,118.0,1.98442505856e-06
org.jppf.utils.FileReplacerEx,0,32.0,1.9736878847e-06
org.jppf.logging.log4j.JmxAppender,0,45.0,1.960066712e-06
test.org.jppf.node.policy.TestIsInIPv6Subnet,0,38.0,1.9522264857e-06
org.jppf.ui.monitoring.charts.config.ChartConfiguration,0,37.0,1.94595251115e-06
org.jppf.classloader.LocalClassLoaderConnection,0,53.0,1.91845150336e-06
org.jppf.node.event.NodeLifeCycleListenerAdapter,0,23.0,1.91346957428e-06
org.jppf.client.event.ClientConnectionStatusEvent,0,17.0,1.87878460646e-06
org.jppf.node.policy.Contains,0,41.0,1.8376466447e-06
org.jppf.utils.stats.NonCumulativeSnapshot,0,26.0,1.83135293447e-06
org.jppf.ui.monitoring.node.graph.PopupMenuMousePlugin,0,47.0,1.82838401914e-06
org.jppf.doc.ParametersHandler,0,44.0,1.8221893403e-06
org.jppf.ui.monitoring.ConsoleLauncher,0,107.0,1.81656228151e-06
org.jppf.server.queue.RemoveBundleAction,0,17.0,1.80704256436e-06
org.jppf.utils.JPPFIdentifiers,0,37.0,1.79492215332e-06
org.jppf.node.NodeInternal,0,8.0,1.78491344782e-06
sample.dist.matrix.NonBlockingMatrixRunner,0,92.0,1.74092859681e-06
org.jppf.jca.util.JPPFAccessorImpl,0,28.0,1.73949582395e-06
test.org.jppf.test.setup.common.SimpleCallable,0,37.0,1.72110846507e-06
sample.test.deadlock.MyTask,0,29.0,1.69814208372e-06
org.jppf.ui.options.LabelOption,0,40.0,1.65028952463e-06
org.jppf.utils.compilation.CustomClassLoader,0,57.0,1.64104546345e-06
org.jppf.utils.stats.AbstractJPPFSnapshot,0,84.0,1.62979102671e-06
org.jppf.serialization.Serializer,0,243.0,1.62962655939e-06
sample.dist.broadcastjob.BroadcastJobRunner,0,25.0,1.59414633412e-06
test.socket.SocketPerformance,0,45.0,1.58460988634e-06
org.jppf.management.NodeSelector.UuidSelector,0,17.0,1.57840207961e-06
test.serialization.Test,0,75.0,1.57734631482e-06
sample.dist.matrix.Matrix,0,66.0,1.54216675654e-06
org.jppf.logging.jdk.JPPFFileHandler,0,13.0,1.51468876625e-06
test.jmx.canceljob.CancelJobRunner,0,53.0,1.50137774957e-06
test.jmx.MyNodeListener,0,48.0,1.48438252072e-06
org.jppf.test.scenario.ScenarioRunner,0,8.0,1.48226081046e-06
org.jppf.dotnetbridge.nodehook.DotnetBridgeHook,0,29.0,1.46604320189e-06
org.jppf.serialization.Deserializer,0,304.0,1.39977283007e-06
org.jppf.server.ShutdownRestartTask,0,33.0,1.38563877153e-06
org.jppf.dotnet.DotnetTaskWrapper,0,64.0,1.37063318678e-06
test.socket.SocketPerformance.Client,0,36.0,1.35892408176e-06
org.jppf.serialization.JPPFObjectOutputStream,0,166.0,1.31244336952e-06
org.jppf.client.BaseJPPFClientConnection,1,215.0,1.30959491285e-06
test.generic.GenericRunner,0,54.0,1.30802074079e-06
org.jppf.job.JobManagerListener,0,8.0,1.26005894454e-06
org.jppf.ui.options.AbstractOptionProperties,0,152.0,1.2594644481e-06
test.org.jppf.test.runner.JPPFTestRunner,0,120.0,1.1973944367e-06
org.jppf.server.nio.classloader.CacheClassKey,0,14.0,1.18547419669e-06
test.run.jboss.JBossTask,0,119.0,1.15149705464e-06
org.jppf.ui.options.FileChooserOption,0,83.0,1.144048735e-06
org.jppf.serialization.SerializationReflectionHelper,0,224.0,1.1370944541e-06
test.org.jppf.utils.stats.TestJPPFStatistics,0,87.0,1.12916517862e-06
org.jppf.ui.monitoring.node.graph.RadialLayout,0,74.0,1.1262003354e-06
org.jppf.application.template.TemplateJPPFTask,0,9.0,1.12607786303e-06
test.org.jppf.client.concurrent.TestJPPFExecutorService,0,146.0,1.12476506167e-06
org.jppf.test.scenario.jppf_130.JPPF_130_Task,0,31.0,1.1160459426e-06
sample.test.redirect.ConsoleOutputRedirector,0,33.0,1.1017036287e-06
org.jppf.serialization.JPPFObjectInputStream,0,163.0,1.10065150501e-06
test.annotated.AnnotatedTask,0,28.0,1.08467082232e-06
org.jppf.node.policy.LessThan,0,43.0,1.06751496152e-06
org.jppf.node.policy.MoreThan,0,43.0,1.06751496152e-06
org.jppf.node.policy.AtMost,0,43.0,1.06751496152e-06
sample.helloworld.HelloWorldAnnotatedConstructor,0,16.0,1.04824911453e-06
org.jppf.io.StreamInputSource,0,51.0,1.03810135491e-06
test.org.jppf.server.protocol.TestJPPFJobSLA,0,304.0,1.02332756203e-06
org.jppf.node.policy.RegExp,0,41.0,1.00424800119e-06
org.jppf.management.forwarding.InternalNotificationFilter,0,24.0,1.00407320705e-06
test.org.jppf.server.protocol.TestLocation,0,43.0,9.93612660083e-07
org.jppf.serialization.SerializationUtils,0,146.0,9.86900666847e-07
org.jppf.client.taskwrapper.TaskObjectWrapper,0,6.0,9.84171880708e-07
org.jppf.test.scenario.s1.ExtMatrixTask,0,36.0,9.78248670177e-07
test.org.jppf.management.TestJPPFNodeAdminMBean,0,208.0,9.748175411e-07
org.jppf.process.ProcessWrapper.StreamHandler,0,43.0,9.7044890555e-07
org.jppf.client.monitoring.topology.TopologyEvent.UpdateType,0,5.0,9.65432801043e-07
org.jppf.client.event.ClientQueueListenerAdapter,0,8.0,9.52667601436e-07
org.jppf.client.ClassServerDelegate,0,8.0,9.45710673729e-07
org.jppf.server.protocol.TaskCompletionListener,0,4.0,9.39074063169e-07
org.jppf.classloader.resource.SaveResourceAction,0,88.0,9.30379163988e-07
org.jppf.server.nio.classloader.CacheClassContent,0,12.0,9.07420603534e-07
org.jppf.ui.monitoring.data.NewConnectionTask.ComboUpdate,0,36.0,9.02641866596e-07
org.jppf.client.event.ClientQueueEventDispatcher,0,8.0,8.99468509107e-07
org.jppf.utils.DateTimeUtils,0,19.0,8.98786556769e-07
org.jppf.jca.demo.DemoTask,0,35.0,8.70530642277e-07
org.jppf.node.screensaver.FocusedJFrame,0,43.0,8.68281364323e-07
org.jppf.node.policy.BetweenII,0,50.0,8.63358464427e-07
org.jppf.node.policy.BetweenEI,0,50.0,8.63358464427e-07
org.jppf.ui.monitoring.job.JobAccumulator.Type,0,6.0,8.45071990913e-07
test.node.nativelib.NativeLibRunner,0,67.0,8.37439156121e-07
sample.helloworld.HelloWorldRunnable,0,16.0,8.24195101088e-07
org.jppf.comm.socket.SocketChannelClient,0,226.0,8.10093127619e-07
sample.datasize.DataSizeRunner,0,99.0,7.96658792849e-07
org.jppf.ssl.FileStoreSource,0,15.0,7.85515045915e-07
org.jppf.client.taskwrapper.PrivilegedConstructorAction,0,23.0,7.74877080818e-07
org.jppf.server.node.local.LocalNodeConnectionChecker,0,19.0,7.67310523057e-07
test.org.jppf.management.forwarding.TestJPPFNodeForwardingMBean,0,335.0,7.34772396487e-07
org.jppf.execute.ExecutorStatus,0,7.0,7.04465286498e-07
test.driver.restart.TestDriverRestart.ProxySettingTask,0,32.0,6.97589011207e-07
org.jppf.management.forwarding.NodeSelectionProvider,0,4.0,6.96786731499e-07
org.jppf.server.nio.classloader.client.ClientClassTransition,0,12.0,6.76369381655e-07
org.jppf.client.balancer.TaskStateMap,0,33.0,6.75286556661e-07
org.jppf.queue.QueueEvent,0,25.0,6.73295455977e-07
org.jppf.client.monitoring.topology.TopologyNodeStatus,0,4.0,6.63554171979e-07
sample.test.clientpool.ConnectionPoolRunner,0,102.0,6.60565841135e-07
org.jppf.ui.plugin.PluggableViewHandler,0,79.0,6.5277114042e-07
org.jppf.node.provisioning.JPPFNodeProvisioningMBeanProvider,0,24.0,6.42401301563e-07
org.jppf.ui.treetable.FileNode,0,44.0,6.40147457289e-07
org.jppf.utils.collections.EnumSetEnumMap,0,19.0,6.39593321406e-07
org.jppf.caching.JPPFMapCache,0,8.0,6.38013541279e-07
org.jppf.jca.demo.JPPFHelper,0,60.0,6.34804749114e-07
sample.test.largedata.LargeDataTask,0,65.0,6.33981284555e-07
org.jppf.caching.JPPFHashMapCache,0,23.0,6.26219554102e-07
org.jppf.server.node.NodeIO,0,5.0,6.20082590722e-07
org.jppf.server.event.NodeConnectionListener,0,5.0,5.90488035333e-07
org.jppf.server.node.spi.JPPFNodeMaintenanceMBeanProvider,0,18.0,5.7935927152e-07
org.jppf.utils.stats.SingleValueSnapshot,0,67.0,5.73912909157e-07
test.org.jppf.test.setup.AbstractSetupOfflineNode,0,32.0,5.73708228991e-07
org.jppf.utils.TextPropertiesTableFormat,0,27.0,5.3314396758e-07
org.jppf.ui.monitoring.event.ShowIPEvent,0,13.0,5.22863301802e-07
org.jppf.client.taskwrapper.TaskObjectWrapper.MethodType,0,6.0,5.19246437726e-07
test.compilation.TestCompilation,0,165.0,5.02706196515e-07
org.jppf.ui.monitoring.charts.config.PreferencesStorage,0,153.0,4.88488405179e-07
sample.test.SecurityTestTask,0,66.0,4.49791802989e-07
test.annotated.AnnotatedRunner,0,81.0,4.32564220327e-07
org.jppf.doc.SamplesPHPReadmeProcessor,0,78.0,4.20228420347e-07
test.org.jppf.test.setup.NodeProcessLauncher,0,19.0,4.14942134643e-07
sample.dist.manyjobs.ManyConnections,0,37.0,4.06953057051e-07
org.jppf.client.JobStatusHandler,0,4.0,3.97097082954e-07
test.counters.LongCounterSynchronized,0,30.0,3.83576387788e-07
org.jppf.utils.stats.JPPFStatisticsListener,0,6.0,3.80797446498e-07
org.jppf.classloader.ResourceRequestRunner,0,7.0,3.59121626321e-07
org.jppf.server.nio.client.ClientTransition,0,8.0,3.5598126558e-07
org.jppf.server.nio.acceptor.AcceptorTransition,0,4.0,3.53855610694e-07
org.jppf.client.concurrent.TaskConfigurationImpl,0,39.0,3.52487679906e-07
org.jppf.utils.stats.JPPFStatisticsEvent,0,11.0,3.341105393e-07
test.generic.TestScheduledExecutor,0,92.0,3.30287039966e-07
org.jppf.job.JobEventType,0,8.0,3.05218278776e-07
org.jppf.io.SocketWrapperOutputDestination,0,36.0,3.03832510322e-07
sample.dist.xstream.PhoneNumber,0,34.0,2.69147914045e-07
org.jppf.ui.monitoring.charts.ChartType,0,20.0,2.61995476835e-07
org.jppf.utils.TexFileSplitter,0,104.0,2.42263268845e-07
org.jppf.client.taskwrapper.RunnableTaskWrapper,0,20.0,2.35427220162e-07
org.jppf.caching.JPPFCollectionCache,0,7.0,2.23830412884e-07
org.jppf.jca.cci.JPPFConnectionMetaData,0,23.0,2.20542294595e-07
test.org.jppf.client.TestJPPFClient,0,234.0,2.06259898808e-07
org.jppf.utils.collections.SetIdentityMap,0,17.0,1.73891952487e-07
org.jppf.server.event.NodeConnectionEvent,0,11.0,1.72157533755e-07
org.jppf.client.event.ClientEvent,0,11.0,1.68486875051e-07
org.jppf.server.protocol.ServerJobStatus,0,7.0,1.67215331445e-07
org.jppf.node.connection.ConnectionContext,0,28.0,1.65856787639e-07
test.org.jppf.utils.TestRange,0,78.0,1.6368271076e-07
test.org.jppf.serialization.TestKryo,0,44.0,1.55668966242e-07
org.jppf.server.nio.nodeserver.NodeState,0,8.0,1.478019615e-07
test.org.jppf.test.runner.TestResultRenderer,0,8.0,1.45782466381e-07
org.jppf.jca.cci.JPPFRecordFactory,0,13.0,1.38276569441e-07
org.jppf.server.node.spi.JPPFNodeTaskMonitorProvider,0,20.0,1.1759192399e-07
test.org.jppf.server.peer.TestMultiServerWithSSL,0,31.0,1.14363959313e-07
test.org.jppf.server.peer.TestMultiServer,0,31.0,1.14363959313e-07
org.jppf.utils.streams.JPPFByteArrayOutputStream,0,20.0,7.81573725828e-08
org.jppf.server.node.spi.JPPFDefaultNodeMBeanProvider,0,18.0,7.55586737654e-08
org.jppf.jca.util.JPPFAccessor,0,7.0,6.94986881946e-08
org.jppf.test.setup.DiagnosticsResult,0,15.0,5.16609528364e-08
org.jppf.nio.NioTransition,0,29.0,4.36682289538e-08
org.jppf.test.setup.JMXResult,1,15.0,3.35839982592e-08
org.jppf.utils.HostIP,0,15.0,2.36723616455e-08
